ORF_ID	Best_Hit_ARO	Model_type	Drug.Class	Resistance.Mechanism	AMR.Gene.Family	Best_Identities	Percentage.Length.of.Reference.Sequence	Note	Length AA	Gene name	Contig ID	TPM D1	TPM D10	TPM D11	TPM D12	TPM D13	TPM D14	TPM D15	TPM D16	TPM D17	TPM D18	TPM D19	TPM D2	TPM D20	TPM D21	TPM D22	TPM D23	TPM D24	TPM D25	TPM D26	TPM D27	TPM D28	TPM D29	TPM D3	TPM D30	TPM D31	TPM D32	TPM D33	TPM D34	TPM D35	TPM D36	TPM D37	TPM D38	TPM D39	TPM D4	TPM D40	TPM D41	TPM D42	TPM D43	TPM D5	TPM D6	TPM D7	TPM D8	TPM D9
megahit_8430_2303-3106	APH(3'')-Ib	protein homolog model	aminoglycoside antibiotic	antibiotic inactivation	APH(3'')	99.63	100.37	NA	268	strA	megahit_8430	0	1.291	0.192	0	0	0	0	0	0.019	0	0.086	0	0	0	0.321	0	0	0.02	0	0	0	0.919	0	0	0	0.019	0.355	0	0	0	0.018	0.259	0	0.019	0.362	0	44.807	0.039	0	0.037	0	0.718	0
megahit_8430_3106-3942	APH(6)-Id	protein homolog model	aminoglycoside antibiotic	antibiotic inactivation	APH(6)	99.64	100.36	NA	279	strB	megahit_8430	0	0.782	0	0.04	0	0	0.057	0	0.018	0.038	0.066	0	0	0	0.389	0	0	0.038	0	0.039	0	0.659	0	0	0	0.018	0.372	0	0	0	0.104	0.348	0	0.055	0.622	0	45.504	0	0.032	0	0.034	1.043	0
megahit_8588_1391-1876	vanZA	protein homolog model	glycopeptide antibiotic	antibiotic target alteration	vanZ; glycopeptide resistance gene cluster	100	100.62	NA	162	NA	megahit_8588	0	0	0	11.453	0.538	0	0	0	0	0	0	0	0	0	0	0	0	0	15.495	0	0	0	3.044	0	0	0	6.618	0	0	0	0	127.941	302.742	0	0	0	0	0	0	0	0	0	0
megahit_8588_2029-2940	vanYA	protein homolog model	glycopeptide antibiotic	antibiotic target alteration	vanY; glycopeptide resistance gene cluster	100	100.33	NA	304	vanY	megahit_8588	0	0	0	8.475	0.318	0	0	0	0	0	0	0	0.071	0	0	0	0	0	15.308	0	0	0	2.634	0	0	0	6.3	0	0	0	0	139.19	265.957	0	0.066	0	0	0	0	0	0	0	0
megahit_8588_3368-3976	vanXA	protein homolog model	glycopeptide antibiotic	antibiotic target alteration	vanX; glycopeptide resistance gene cluster	100	100.5	NA	203	vanX	megahit_8588	0	0	0	11.783	0.524	0	0	0	0	0	0	0	0	0	0	0	0	0	19.514	0	0	0	2.886	0	0	0	7.326	0	0	0	0	165.803	321.842	0	0.099	0	0	0	0	0	0	0	0
megahit_8588_3982-5031	vanA	protein homolog model	glycopeptide antibiotic	antibiotic target alteration	glycopeptide resistance gene cluster; van ligase	100	102.04	NA	350	vanB, vanA, vanD	megahit_8588	0	0	0	8.575	0.498	0	0	0	0	0	0	0	0	0	0	0	0	0	15.464	0.021	0	0	3.236	0	0	0	6.694	0	0	0	0	157.506	278.352	0	0.046	0.024	0	0	0	0	0	0	0
megahit_8588_5006-5974	vanHA	protein homolog model	glycopeptide antibiotic	antibiotic target alteration	vanH; glycopeptide resistance gene cluster	100	100.31	NA	323	vanH	megahit_8588	0	0	0	11.195	0.704	0	0	0	0	0	0	0	0	0	0	0	0	0	17.844	0.045	0	0	3.084	0	0	0	6.933	0	0	0	0	152.9	287.069	0	0.025	0	0	0	0	0	0	0	0
megahit_8588_7321-8016	vanRA	protein homolog model	glycopeptide antibiotic	antibiotic target alteration	glycopeptide resistance gene cluster; vanR	100	100.43	NA	232	vanRC, vanRE, vanRG	megahit_8588	0	0	0	10.864	0.209	0	0	0	0	0	0	0	0	0	0	0	0	0	15.055	0	0	0	3.557	0	0	0	6.876	0	0	0	0	157.883	286.753	0	0.157	0	0	0	0	0	0	0	0
megahit_10204_188-2107	tet32	protein homolog model	tetracycline antibiotic	antibiotic target protection	tetracycline-resistant ribosomal protection protein	98.75	100.16	NA	640	tetM, tetO	megahit_10204	0.007	0.091	0.088	0.044	0.968	0.009	0.025	0.009	0.22	0	0.101	1.234	0.679	0	0.014	0.463	0.065	0.008	0.024	1.031	0.423	2.017	0	0.345	0.508	0.016	0	0.246	0.232	0.075	0.128	0	0	0.19	0.12	0.539	0.659	0.878	0.197	0.061	0.03	0.007	0.025
megahit_26483_24511-25815	Escherichia coli ampC1 beta-lactamase	protein homolog model	cephalosporin; penam	antibiotic inactivation	ampC-type beta-lactamase	99.08	100.23	NA	435	pbp4b	megahit_26483	33.407	14.572	16.023	12.989	10.611	35.804	0.621	0.118	20.394	8.889	11.509	0.688	18.784	25.052	0.322	0	25.79	16.483	12.161	24.129	16.048	0.549	9.541	0.059	28.913	51.215	50.762	29.875	9.121	19.452	37.033	5.346	5.971	16.651	39.286	0.503	26.098	0	15.108	0.992	5.114	2.557	0.69
megahit_26483_57215-60328	acrD	protein homolog model	aminoglycoside antibiotic	antibiotic efflux	resistance-nodulation-cell division (RND) antibiotic efflux pump	99.81	100.1	NA	1038	acrD	megahit_26483	31.397	13.29	16.125	12.41	11.397	32.752	0.337	0.027	19.868	8.806	11.762	0.793	17.596	24.677	0.266	0	25	14.967	11.282	20.398	16.102	0.485	8.65	0.128	28.526	50.125	48.764	31.083	8.301	19.042	35.026	5.798	5.705	16.163	39.965	0.511	25.795	0.057	14.175	1.086	4.665	2.703	0.821
megahit_26836_9130-12723	evgS	protein homolog model	macrolide antibiotic; fluoroquinolone antibiotic; penam; tetracycline antibiotic	antibiotic efflux	major facilitator superfamily (MFS) antibiotic efflux pump; resistance-nodulation-cell division (RND) antibiotic efflux pump	99.16	100.08	NA	1198	evgS, bvgS	megahit_26836	27.843	12.475	13.496	10.832	9.794	29.215	0.27	0.067	17.454	7.778	11.1	0.572	15.373	21.412	0.313	0.022	21.237	12.959	9.767	18.57	13.897	0.568	8.139	0.034	25.64	48.145	42.291	25.717	7.985	17.676	32.104	5.354	4.221	15.649	33.219	0.467	23.436	0.018	13.543	0.99	4.154	2.511	0.693
megahit_26836_12728-13342	evgA	protein homolog model	macrolide antibiotic; fluoroquinolone antibiotic; penam; tetracycline antibiotic	antibiotic efflux	major facilitator superfamily (MFS) antibiotic efflux pump; resistance-nodulation-cell division (RND) antibiotic efflux pump	100	100.49	NA	205	evgA, bvgA	megahit_26836	31.973	14.123	15.769	12.813	12.297	35.715	0.258	0	19.811	8.567	12.312	0.75	18.789	24.24	0.154	0	25.843	15.794	11.5	21.665	19.142	0.664	10.337	0	29.509	55.507	48.333	30.173	8.411	19.989	36.272	5.553	5.575	18.31	40.5	0.78	25.264	0.034	14.742	1.554	4.42	3.205	0.575
megahit_26836_13758-14921	emrK	protein homolog model	tetracycline antibiotic	antibiotic efflux	major facilitator superfamily (MFS) antibiotic efflux pump	100	110.54	NA	388	emrK	megahit_26836	29.154	13.923	13.617	12.056	10.513	30.463	0.164	0.088	18.577	9.578	12.13	0.825	16.732	23.094	0.198	0.023	21.925	15.536	10.656	20.912	15.939	0.531	9.828	0	28.456	53.607	48.978	28.484	8.72	18.119	32.435	6.261	4.702	16.233	37.478	0.542	23.933	0	14.102	1.162	4.522	2.77	0.732
megahit_26836_14921-16459	emrY	protein homolog model	tetracycline antibiotic	antibiotic efflux	major facilitator superfamily (MFS) antibiotic efflux pump	99.8	100.2	NA	513	emrY	megahit_26836	23.028	10.198	13.759	11.003	8.875	25.338	0.207	0.033	15.373	7.998	9.903	0.697	13.153	19.945	0.273	0.017	19.144	12.972	9.746	16.679	11.948	0.523	7.767	0.02	22.557	45.336	40.095	23.323	7.291	18.082	28.707	4.587	4.561	13.812	33.242	0.418	23.743	0.014	11.097	0.755	3.906	1.692	0.564
megahit_29911_7324-8058	ErmG	protein homolog model	macrolide antibiotic; lincosamide antibiotic; streptogramin antibiotic	antibiotic target alteration	Erm 23S ribosomal RNA methyltransferase	99.18	100.41	NA	245	ermC, ermA	megahit_29911	0.13	0.217	0.496	0.297	0.375	0.024	0.649	0.465	0.574	0	0.282	0.56	0.31	0	4.192	14.446	0.47	0	0	0.355	1.166	0.285	0	11.83	0.753	0	0	1.444	0.303	0.391	0.533	0	0	0.415	0.775	5.635	0.149	2.78	0.368	0.12	0.313	0.421	0.372
megahit_30260_28698-30236	emrB	protein homolog model	fluoroquinolone antibiotic	antibiotic efflux	major facilitator superfamily (MFS) antibiotic efflux pump	100	100.2	NA	513	emrB	megahit_30260	35.325	16.018	17.748	15.306	11.941	39.335	0.32	0	21.497	9.37	13.95	1.239	18.205	27.19	0.15	0.017	25.44	17.477	12.287	23.506	18.385	0.746	10.403	0.12	30.311	55.623	52.76	30.918	9.252	22.885	36.595	5.967	7.056	18.367	44.412	0.558	30.856	0	15.361	1.118	5.317	2.515	0.731
megahit_30260_30253-31425	emrA	protein homolog model	fluoroquinolone antibiotic	antibiotic efflux	major facilitator superfamily (MFS) antibiotic efflux pump	99.74	100.26	NA	391	emrA	megahit_30260	37.189	15.599	18.399	14.779	11.15	40.798	0.434	0.044	21.558	9.395	13.972	0.871	18.772	30.313	0.312	0.023	28.732	17.49	12.423	25.425	18.239	0.508	10.639	0.157	32.313	51.561	57.879	33.248	10.171	22.063	40.31	6.497	6.324	18.927	45.06	0.592	29.66	0.018	16.289	1.204	5.983	3.216	1.069
megahit_30260_31552-32082	emrR	protein homolog model	fluoroquinolone antibiotic	antibiotic efflux	major facilitator superfamily (MFS) antibiotic efflux pump	100	100.57	NA	177	emrR, mprA	megahit_30260	40.381	18.462	20.665	16.513	13.422	45.529	0.269	0.064	25.188	12.167	14.937	1.362	22.345	32.127	0.204	0	31.233	17.727	13.434	28.41	21.49	0.499	11.917	0	37.178	62.191	58.347	35.884	11.391	25.136	40.617	7.922	9.015	21.838	50.83	1.189	35.348	0.04	20.031	1.219	6.257	2.757	1.271
megahit_36176_1673-2704	mdtN	protein homolog model	nucleoside antibiotic; acridine dye; disinfecting agents and intercalating dyes	antibiotic efflux	major facilitator superfamily (MFS) antibiotic efflux pump	100	100.29	NA	344	mdtN	megahit_36176	37.431	18.597	17.844	13.533	13.334	41.18	0.385	0.199	21.625	9.164	11.937	1.28	18.967	29.121	0.644	0	26.814	15.748	10.997	22.133	18.312	0.246	10.078	0.224	29.939	54.426	51.36	31.518	9.108	18.456	34.56	6.558	8.661	18.545	40.769	0.893	23.983	0	16.902	1.411	6.271	2.974	0.779
megahit_36176_2704-4755	mdtO	protein homolog model	nucleoside antibiotic; acridine dye; disinfecting agents and intercalating dyes	antibiotic efflux	major facilitator superfamily (MFS) antibiotic efflux pump	99.41	100.15	NA	684	mdtO	megahit_36176	35.689	16.301	19.103	15.581	13.32	40.317	0.403	0.042	19.936	10.121	14.604	1.069	19.348	27.072	0.463	0.013	25.976	16.879	13.578	22.861	16.617	0.57	10.686	0.045	30.351	55.257	51.338	31.689	10.151	20.906	38.975	7.469	7.661	18.565	45.299	0.923	33.248	0.031	16.256	1.118	5.453	2.895	0.768
megahit_36176_4752-6218	mdtP	protein homolog model	nucleoside antibiotic; acridine dye; disinfecting agents and intercalating dyes	antibiotic efflux	major facilitator superfamily (MFS) antibiotic efflux pump	98.16	100.2	NA	489	mdtP	megahit_36176	39.931	18.459	19.593	16.08	15.465	45.376	0.509	0.023	20.815	10.895	16.975	1.003	18.787	31.81	0.509	0.027	26.1	19.842	12.745	22.962	18.509	0.662	10.864	0.021	32.768	56.983	55.199	32.74	11.867	24.542	42.484	7.779	8.957	19.247	48.359	1.179	35.51	0.029	16.207	1.383	6.51	3.618	0.8
megahit_44776_19035-20783	msbA	protein homolog model	nitroimidazole antibiotic	antibiotic efflux	ATP-binding cassette (ABC) antibiotic efflux pump	100	100.17	NA	583	msbA	megahit_44776	30.809	14.296	15.889	11.944	10.167	32.337	0.145	0.117	19.416	9.009	12.212	0.791	16.913	24.428	0.248	0	25.026	14.647	9.441	22.263	16.272	0.561	9.079	0.035	28.674	50.165	46.863	30.091	8.896	20.055	33.843	6.048	5.681	16.876	36.468	0.65	24.589	0.012	14.902	1.001	5.123	2.688	0.698
megahit_44983_4255-5628	cpxA	protein homolog model	aminoglycoside antibiotic; aminocoumarin antibiotic	antibiotic efflux	resistance-nodulation-cell division (RND) antibiotic efflux pump	100	100.22	NA	458	cpxA	megahit_44983	43.969	19.604	22.49	18.133	16.491	48.036	0.416	0.037	23.025	12.019	17.086	1.343	21.956	31.278	0.583	0.077	31.341	20.943	13.463	25.189	20.024	0.602	13.369	0.045	33.529	60.401	60.738	35.118	11.79	24.797	46.458	8.714	8.719	20.461	50.979	0.772	38.107	0.1	19.018	1.049	5.914	2.879	1.217
megahit_48078_597734-598093	FosB	protein homolog model	fosfomycin	antibiotic inactivation	fosfomycin thiol transferase	100	86.96	NA	120	fosB	megahit_48078	0	0	0.078	0	0	0	11.258	22.976	0	0	0	0	0	0	1.244	3.65	0	0	0	0.03	0	0	0	0	0	0	0	0	0	0	0	0	0	0	0	0	0	0	0	0.041	0.12	0.469	0.491
megahit_49429_8854-12003	acrB	protein homolog model	fluoroquinolone antibiotic; cephalosporin; glycylcycline; penam; tetracycline antibiotic; rifamycin antibiotic; phenicol antibiotic; triclosan	antibiotic efflux	resistance-nodulation-cell division (RND) antibiotic efflux pump	100	100.1	NA	1050	acrB, mexB, adeJ, smeE, mtrD, cmeB	megahit_49429	31.585	13.944	17.009	12.678	11.294	33.703	0.308	0.043	19.698	8.803	12.234	0.835	17.706	24.803	0.289	0.017	25.023	15.382	10.717	21.788	15.622	0.571	9.291	0.034	29.655	49.213	49.697	28.839	8.806	20.527	34.994	5.85	6.206	15.668	39.474	0.485	27.528	0.013	15.049	1.218	4.538	2.923	0.816
megahit_49429_12026-13219	Escherichia coli acrA	protein homolog model	fluoroquinolone antibiotic; cephalosporin; glycylcycline; penam; tetracycline antibiotic; rifamycin antibiotic; phenicol antibiotic; triclosan	antibiotic efflux	resistance-nodulation-cell division (RND) antibiotic efflux pump	100	100.25	NA	398	acrA, mexA, adeI, smeD, mtrC, cmeA	megahit_49429	33.796	15.03	19.12	13.326	13.409	40.836	0.226	0.072	21.242	10.863	13.691	1.055	17.622	29.219	0.489	0	26.241	17.672	11.731	24.24	17.314	0.85	10.882	0.052	31.138	53.347	54.471	33.794	9.293	21.622	39.298	6.819	6.641	18.939	43.232	0.423	31.375	0.053	15.482	1.207	5.324	3.148	1.037
megahit_50897_9144-11117	tetQ	protein homolog model	tetracycline antibiotic	antibiotic target protection	tetracycline-resistant ribosomal protection protein	96.35	100.15	NA	658	tetM, tetO	megahit_50897	0	0	0	0	0	0	0	0	0	0	0	0	0	0	0	0	0	0	0	0	0	0	0	0	0	0	0	0	0	0	0	0	0	0	0	0	0	1.595	0	0	0	0	0
megahit_51318_2237-3469	mdtM	protein homolog model	fluoroquinolone antibiotic; lincosamide antibiotic; nucleoside antibiotic; acridine dye; phenicol antibiotic; disinfecting agents and intercalating dyes	antibiotic efflux	major facilitator superfamily (MFS) antibiotic efflux pump	97.8	100.24	NA	411	NA	megahit_51318	35.591	13.558	14.39	12.755	10.395	39.917	0.155	0	16.62	9.121	11.541	0.819	14.448	27.127	0.517	0	21.195	15.256	10.257	19.336	15.876	0.421	9.052	0.112	21.555	38.168	35.215	22.054	9.721	20.77	35.702	5.438	6.714	13.965	39.566	0.83	31.624	0.026	10.909	1.312	5.354	2.923	0.756
megahit_54793_45438-46259	bacA	protein homolog model	peptide antibiotic	antibiotic target alteration	undecaprenyl pyrophosphate related proteins	99.63	100.37	NA	274	bacA	megahit_54793	41.983	18.725	19.112	16.848	14.939	44.729	0.29	0.042	24.251	10.094	16.469	0.789	19.788	30.765	0.38	0	26.385	20.674	14.569	24.598	19.625	1.101	11.654	0	30.618	60.732	53.043	31.821	11.503	25.444	42.331	8.841	6.992	19.483	49.357	0.968	37.215	0.064	15.425	1.288	5.844	2.5	0.821
megahit_57345_3924-4418	lnuC	protein homolog model	lincosamide antibiotic	antibiotic inactivation	lincosamide nucleotidyltransferase (LNU)	98.17	100.61	NA	165	lnuA_C_D_E, lin	megahit_57345	4.644	22.063	38.957	61.272	18.298	0.536	8.22	5.075	26.899	40.003	19.015	21.407	28.678	2.879	18.892	14.586	18.973	29.577	40.64	15.403	15.429	23.089	56.579	17.627	37.514	10.65	14.515	27.772	20.225	13.482	24.525	7.614	6.347	24.565	24.351	32.374	33.345	20.042	23.784	37.521	31.99	32.023	34.227
megahit_59151_90-1493	baeS	protein homolog model	aminoglycoside antibiotic; aminocoumarin antibiotic	antibiotic efflux	resistance-nodulation-cell division (RND) antibiotic efflux pump	96.15	100.21	NA	468	baeS, smeS	megahit_59151	0	0	0.03	0.012	0	0	0	0	0	0.023	0.02	0	0	0.01	0	0	0.022	0.045	0.011	0.008	0	0	0.021	0	0	0.54	0.351	0.028	0.01	0.011	0.103	0.415	0.16	0.043	0.112	0	0.033	0	0	0	0.02	0	0
megahit_60380_10265-11125	TEM-1	protein homolog model	monobactam; cephalosporin; penam; penem	antibiotic inactivation	TEM beta-lactamase	100	100.35	NA	287	blaTEM	megahit_60380	3.163	1.873	4.086	2.434	1.146	3.841	0.037	0	0.788	0.88	4.196	0.174	1.06	4.592	0.489	0	1.514	3.999	1.597	0.821	1.397	0.897	1.157	0	2.707	2.209	2.621	2.222	5.136	13.833	17.924	2.056	3.62	3.398	24.96	0	44.797	0.049	1.446	0.905	1.086	1.177	1.176
megahit_60380_12054-13253	tet(A)	protein homolog model	tetracycline antibiotic	antibiotic efflux	major facilitator superfamily (MFS) antibiotic efflux pump	99.74	94.34	NA	400	tetA	megahit_60380	0	0	0.164	0	0	0	0	0	0	0.027	0	0	0	0	0	0	0.026	0.053	0	0.036	0	0	0.024	0	0.011	0	0.227	0.022	0	0	0.399	0.069	0.01	0.102	0.414	0	0	0	0	0	0	0	0
megahit_61156_7441-8745	Acinetobacter baumannii AbaQ	protein homolog model	fluoroquinolone antibiotic	antibiotic efflux	major facilitator superfamily (MFS) antibiotic efflux pump	99.77	100.23	NA	435	NA	megahit_61156	0.178	0	0.021	3.417	1.835	1.084	0	0	0	0.333	0.774	0.525	1.174	0.899	0	0	0	0.762	3.184	2.967	1.82	0	3.109	0	0	12.238	8.328	7.752	3.207	3.499	8.58	11.952	15.801	0	0	0	0	0	0	0	0	0	0
megahit_63249_19214-20722	Acinetobacter baumannii AmvA	protein homolog model	macrolide antibiotic; acridine dye; disinfecting agents and intercalating dyes	antibiotic efflux	major facilitator superfamily (MFS) antibiotic efflux pump	95.33	102.24	NA	503	smvA, qacA, lfrA	megahit_63249	0.381	0	0	3.211	2.222	0.75	0	0	0	0.128	0.725	0.347	1.35	0.815	0	0	0	0.597	3.32	3.316	1.763	0	1.922	0	0	13.585	7.58	7.095	2.866	2.899	8.228	11.054	15.49	0	0	0	0	0	0	0	0	0	0
megahit_65181_7811-9019	mdtH	protein homolog model	fluoroquinolone antibiotic	antibiotic efflux	major facilitator superfamily (MFS) antibiotic efflux pump	99.75	100.25	NA	403	mdtH	megahit_65181	26.088	10.407	12.299	9.721	9.197	31.318	0.237	0.028	15.279	7.463	9.423	0.711	13.238	23.436	0.213	0	19.082	13.39	8.743	18.497	16.005	0.538	7.669	0.038	20.142	37.353	34.176	21.679	7.004	17.471	29.32	5.649	5.063	13.713	33.948	0.501	21.815	0.009	11.674	0.888	3.688	1.886	0.758
megahit_65467_2556-3803	mdtA	protein homolog model	aminocoumarin antibiotic	antibiotic efflux	resistance-nodulation-cell division (RND) antibiotic efflux pump	99.28	100.24	NA	416	mdtA	megahit_65467	30.613	14.508	14.666	13.367	10.608	39.678	0.357	0.055	19.501	9.011	12.456	0.679	16.533	25.256	0.185	0.021	21.267	15.667	10.685	21.788	17.528	0.477	9.718	0.025	20.757	37.685	35.113	24.256	9.86	21.735	32.146	4.705	5.814	13.736	36.78	0.506	28.028	0.008	12.795	0.99	5.128	2.177	0.592
megahit_70573_90-752	AcrS	protein homolog model	fluoroquinolone antibiotic; cephalosporin; glycylcycline; cephamycin; penam; tetracycline antibiotic; rifamycin antibiotic; phenicol antibiotic; triclosan	antibiotic efflux	resistance-nodulation-cell division (RND) antibiotic efflux pump	99.55	100.45	NA	221	envR, acrS	megahit_70573	28.667	11.246	11.837	11.86	9.48	27.101	0.479	0.103	11.895	6.829	10.898	0.884	12.291	20.841	0.123	0	17.174	14.388	9.976	15.175	10.817	0.449	7.468	0.093	17.004	31.317	28.539	17.196	7.718	14.737	26.011	3.926	3.516	12.089	30.843	0.457	27.204	0	9.389	1.131	3.211	2.251	0.485
megahit_74379_105-761	QnrS1	protein homolog model	fluoroquinolone antibiotic	antibiotic target protection	quinolone resistance protein (qnr)	100	100.46	NA	219	qnr, mcbG	megahit_74379	0	0	0.32	0	0	0	0	0	0	0.025	0	0	0	0	0	0	0	0	0	0.033	0	0	0	0	0.04	0.047	0.02	0	0	0	0	0	0	0.046	0.313	0	0	0	0	0	0.022	0	0
megahit_79858_535-1359	gadX	protein homolog model	macrolide antibiotic; fluoroquinolone antibiotic; penam	antibiotic efflux	resistance-nodulation-cell division (RND) antibiotic efflux pump	98.54	100.36	NA	275	gadX	megahit_79858	40.238	19.566	20.877	17.924	14.34	40.472	0.308	0.021	21.019	11.64	14.295	1.526	19.222	27.892	0.543	0	28.574	19.852	14.349	23.559	15.18	0.602	10.99	0.168	31.512	62.741	57.33	30.292	9.219	19.836	44.04	8.632	8.266	21.241	42.745	1.117	32.84	0	16.058	1.39	4.864	2.696	0.74
megahit_79858_2818-5931	mdtF	protein homolog model	macrolide antibiotic; fluoroquinolone antibiotic; penam	antibiotic efflux	resistance-nodulation-cell division (RND) antibiotic efflux pump	99.81	100.1	NA	1038	mdtF	megahit_79858	34.165	16.146	17.565	14.887	13.579	36.018	0.429	0.077	19.941	9.696	14.007	1.085	17.146	25.471	0.262	0.013	25.03	16.803	12.297	22.564	15.257	0.701	10.814	0.059	27.972	51.644	50.505	28.423	9.81	19.667	37.616	7.229	7.046	16.794	41.755	0.73	30.82	0.037	14.462	1.166	5.436	2.758	0.609
megahit_79858_5956-7113	mdtE	protein homolog model	macrolide antibiotic; fluoroquinolone antibiotic; penam	antibiotic efflux	resistance-nodulation-cell division (RND) antibiotic efflux pump	100	100.26	NA	386	mdtE	megahit_79858	37.423	18.283	20.55	15.926	14.516	39.616	0.48	0.074	22.007	10.226	15.157	1.098	17.678	27.123	0.41	0.023	27.301	17.198	13.296	24.928	17.839	0.8	12.611	0.066	31.185	57.062	53.6	32.479	11.743	20.819	38.64	8.272	7.601	18.449	45.277	0.632	33.591	0	15.928	0.952	6.359	3.282	0.652
megahit_82310_71-1990	tetO	protein homolog model	tetracycline antibiotic	antibiotic target protection	tetracycline-resistant ribosomal protection protein	99.37	100.16	NA	640	tetM, tetO	megahit_82310	6.464	17.538	8.518	6.017	10.97	28.692	16.515	16.235	15.362	0.361	15.594	12.733	12.012	34.289	21.398	24.733	14.2	0.033	0.032	9.868	31.862	11.653	0.259	12.776	13.609	0	0	7.228	20.683	14.594	10.229	0	0.006	12.913	6.373	15.384	16.177	28.161	17.705	8.9	11.071	10.683	7.987
megahit_90010_3222-4016	APH(3')-IIIa	protein homolog model	aminoglycoside antibiotic	antibiotic inactivation	APH(3')	100	100.38	NA	265	aph3-III	megahit_90010	6.196	10.885	5.659	6.643	6.847	0.801	11.376	24.871	11.001	8.066	11.526	9.989	7.237	10.668	15.212	24.724	7.388	23.502	24.593	5.431	12.727	16.999	8.383	20.403	9.211	8.129	7.276	16.962	5.789	7.792	4.999	4.767	4.046	9.181	7.101	10.373	12.119	10.452	12.783	14.095	17.15	16.238	9.766
megahit_91723_6408-7634	mdtG	protein homolog model	fosfomycin	antibiotic efflux	major facilitator superfamily (MFS) antibiotic efflux pump	100	100.25	NA	409	mdtG	megahit_91723	28.237	13.637	14.894	10.849	10.316	31.897	0.091	0.056	20.511	8.404	12.522	0.701	18.981	25.506	0.332	0	23.935	14.674	9.934	20.938	16.775	0.369	9.097	0.075	29.184	46.003	45.819	28.805	8.239	19.947	32.85	6.245	4.786	16.554	37.133	0.545	22.628	0.009	14.414	1.031	4.091	2.799	0.747
megahit_92360_3017-3916	APH(2'')-IIa	protein homolog model	aminoglycoside antibiotic	antibiotic inactivation	APH(2'')	99	100.33	NA	300	aphD	megahit_92360	0	0	0	0	0.032	0	0	0	0.05	0	0	0	0.217	0	0	0	0.105	0	0	0	0	0.049	0	0	0.059	0	0	0.175	0	0.213	0	0	0	0	0.108	0	0.191	0.129	0	0.147	0.096	0	0.107
megahit_92360_3960-4496	AAC(6')-Im	protein homolog model	aminoglycoside antibiotic	antibiotic inactivation	AAC(6')	100	100.56	NA	179	aacA	megahit_92360	0	0	0	0	0.108	0	0	0	0.028	0	0	0	0	0	0.101	0	0.058	0	0	0	0	0.062	0	0	0	0	0	0.049	0.052	0.059	0.162	0	0	0	0.113	0	0.087	0.059	0	0.055	0.107	0.157	0.06
megahit_95455_4165-5133	PmrF	protein homolog model	peptide antibiotic	antibiotic target alteration	pmr phosphoethanolamine transferase	99.69	100.31	NA	323	arnC, pmrF	megahit_95455	29.739	11.106	16.69	12.856	10.096	34.093	0.328	0.018	18.3	7.499	11.371	0.759	15.323	25.333	0.196	0	23.598	14.539	9.852	20.148	15.826	0.387	8.254	0.079	25.905	45.743	43.136	27.481	8.61	20.101	34.726	4.986	5.674	14.876	37.606	0.456	23.512	0.022	11.633	1.108	4.037	2.499	0.78
megahit_95507_36366-37055	smeR	protein homolog model	aminoglycoside antibiotic; cephalosporin; cephamycin; penam	antibiotic efflux	resistance-nodulation-cell division (RND) antibiotic efflux pump	100	100.44	NA	230	baeR, smeR	megahit_95507	0	0	0.02	6.998	3.745	0	0	0	0	0.234	1.364	0.253	3.118	0	0	0	0.023	0.984	0.465	8.023	0	0	0.149	0	0	18.642	27.723	3.039	0	0	12.654	50.188	36.226	0	0	0	0	0	0	0	0	0	0
megahit_105465_40301-40714	H-NS	protein homolog model	macrolide antibiotic; fluoroquinolone antibiotic; cephalosporin; cephamycin; penam; tetracycline antibiotic	antibiotic efflux	major facilitator superfamily (MFS) antibiotic efflux pump; resistance-nodulation-cell division (RND) antibiotic efflux pump	100	100.73	NA	138	hns	megahit_105465	32.622	15.581	16.079	15.713	11.921	40.539	0.23	0.206	23.602	8.679	11.535	0.873	19.526	25.041	0.262	0	30.5	16.518	14.426	24.906	18.267	0.56	10.084	0.186	34.547	58.929	57.639	34.725	10.244	24.527	34.018	6.187	6.775	21.274	41.786	0.58	26.215	0	16.376	1.421	4.968	3.842	0.893
megahit_106833_2-1138	mdtM	protein homolog model	fluoroquinolone antibiotic; lincosamide antibiotic; nucleoside antibiotic; acridine dye; phenicol antibiotic; disinfecting agents and intercalating dyes	antibiotic efflux	major facilitator superfamily (MFS) antibiotic efflux pump	98.15	92.44	NA	379	NA	megahit_106833	1.035	2.401	3.205	1.976	1.864	1.151	0.028	0	4.244	1.403	1.4	0.614	3.182	0.442	0	0	4.268	1.584	1.169	4.238	0.41	0.039	1.121	0.027	8.618	18.221	16.562	9.186	0.049	0.253	4.006	1.154	1.393	4.114	4.912	0.011	0.165	0	3.892	0	0.278	0.124	0.057
megahit_116176_2773-3105	Escherichia coli emrE	protein homolog model	macrolide antibiotic	antibiotic efflux	small multidrug resistance (SMR) antibiotic efflux pump	98.18	100.91	NA	111	emrE, qac, mmr, smr	megahit_116176	23.34	13.665	13.509	11.63	8.064	16.623	0.095	0.051	17.253	10.499	10.558	0.412	14.243	12.629	0.082	0	20.704	15.604	11.422	17.148	7.269	0.729	8.27	0	9.571	10.91	11.489	6.926	8.142	15.438	26.439	4.377	4.343	12.447	28.922	0	27.62	0	10.2	0.795	4.146	2.367	1.207
megahit_116819_1344-2549	tet(B)	protein homolog model	tetracycline antibiotic	antibiotic efflux	major facilitator superfamily (MFS) antibiotic efflux pump	99.25	100.25	NA	402	tetA	megahit_116819	0	0.596	0	0.014	0	0	0.013	0	0.075	0	0.034	0	0	0	0.36	0	0	0	0	0	0	0.75	0	0	0	0	0	0	0	0	0	0	0	0	0	0	40.709	0	0	0.024	0	0.56	0
megahit_124236_11707-12939	Escherichia coli mdfA	protein homolog model	tetracycline antibiotic; benzalkonium chloride; rhodamine	antibiotic efflux	major facilitator superfamily (MFS) antibiotic efflux pump	96.59	100.24	NA	411	mdfA, cmr	megahit_124236	33.138	14.646	16.299	12.809	11.184	36.288	0.322	0.083	19.873	8.481	11.675	1.031	18.704	25.598	0.319	0.032	26.201	15.384	10.939	23.2	16.742	0.501	8.898	0.075	28.412	55.309	48.573	29.504	9.383	19.462	37.184	5.219	6.522	16.746	38.593	0.471	27.419	0.034	15.376	0.883	4.386	2.58	0.626
megahit_127866_167-1036	APH(2'')-Ig	protein homolog model	aminoglycoside antibiotic	antibiotic inactivation	APH(2'')	97.92	94.77	NA	290	NA	megahit_127866	0.739	0.899	0.805	0.347	0.584	0.244	1.443	0.275	2.063	0.037	1.623	1.204	0.712	0.177	0.187	0.076	1.264	0	0	0.9	1.002	1.915	0	0	2.513	0.053	0.06	2.772	2.765	1.597	2.084	0	0.043	1.419	1.81	0.653	2.423	0.823	1.804	0.93	1.57	2.104	2.568
megahit_136349_1020-2186	ugd	protein homolog model	peptide antibiotic	antibiotic target alteration	pmr phosphoethanolamine transferase	99.23	100.26	NA	389	UGDH, ugd	megahit_136349	0.95	1.177	1.453	0.359	0.137	1.061	0	0	0.517	0.552	0.866	0.075	0.07	1.089	0.279	0	0.484	1.881	0.314	0.308	0.786	0.255	0.414	0.013	0.734	1.007	0.511	0.629	0.441	0.835	2.349	0.696	1.784	0.496	2.45	0.011	22.132	0	0.267	0.076	0.555	0.543	0.028
megahit_137297_14786-15517	ErmA	protein homolog model	macrolide antibiotic; lincosamide antibiotic; streptogramin antibiotic	antibiotic target alteration	Erm 23S ribosomal RNA methyltransferase	100	100.41	NA	244	ermC, ermA	megahit_137297	0.112	1.81	0	0	0	11.597	0.478	0	0.989	0	0	0	0	4.237	0.13	0	0.858	0	0	0	1.972	92.582	0	80.456	0.342	0	0	0	0.399	0.131	0	0	0	0	0.43	23.755	31.85	0	1.368	0	0.865	0.846	0
megahit_137297_15643-16425	ANT(9)-Ia	protein homolog model	aminoglycoside antibiotic	antibiotic inactivation	ANT(9)	100	100.38	NA	261	ant9	megahit_137297	0.245	1.02	0	0	0	11.903	0.528	0	0.713	0	0	0	0	3.551	0.208	0	1.224	0	0	0	2.131	88.524	0	85.475	0.084	0	0	0	0.249	0.51	0	0	0	0	0.34	22.289	31.57	0	1.469	0	1.12	0.989	0
megahit_160839_276-1433	AcrE	protein homolog model	fluoroquinolone antibiotic; cephalosporin; cephamycin; penam	antibiotic efflux	resistance-nodulation-cell division (RND) antibiotic efflux pump	100	100.26	NA	386	acrE	megahit_160839	36.56	18.31	17.863	16.679	12.347	39.295	0.302	0.059	20.418	11.033	14.428	0.721	18.424	24.794	0.41	0.023	26.256	16.366	12.953	23.932	17.683	0.772	10.107	0.08	31.333	54.966	51.662	31.144	8.934	20.998	39.029	7.103	6.965	16.198	44.44	0.622	33.834	0.055	15.694	1.371	5.117	3.124	0.472
megahit_186897_7208-7681	dfrF	protein homolog model	diaminopyrimidine antibiotic	antibiotic target replacement	trimethoprim resistant dihydrofolate reductase dfr	100	96.34	NA	158	DHFR, folA	megahit_186897	8.603	13.844	15.404	16.801	27.469	0.672	2.381	0.937	6.84	0.136	23.304	34.322	18.052	10.552	1.403	1.316	6.56	0.4	0.548	13.699	10.943	7.913	0.247	0.455	6.585	0.457	0.629	5.225	8.243	4.379	6.242	0.351	0.053	12.891	10.351	0.32	1.746	2.311	9.335	8.501	6.736	8.167	11.835
megahit_189688_629-1849	tet(40)	protein homolog model	tetracycline antibiotic	antibiotic efflux	major facilitator superfamily (MFS) antibiotic efflux pump	98.03	100.25	NA	407	tetP_A, tet40	megahit_189688	0.997	3.295	3.133	2.348	3.947	0.695	3.241	1.61	2.495	0.092	2.585	2.757	4.178	1.694	3.502	1.837	2.753	0.052	0.1	3.278	4.593	2.593	0.264	0.391	3.333	0	0	3.263	1.685	1.948	2.233	0	0	3.806	2.659	3.154	2.443	4.813	5.497	2.613	1.661	2.56	3.199
megahit_200600_3930-4745	sul2	protein homolog model	sulfonamide antibiotic	antibiotic target replacement	sulfonamide resistant sul	100	100.37	NA	272	sul2	megahit_200600	0	1.409	0.103	0	0	0	0	0	0.037	0	0.068	0	0	0	0.965	0	0	0.213	0.037	0.027	0	0.919	0	0	0	0.133	0.413	0	0	0	0	0.434	0.107	0.149	0.386	0	68.261	0	0	0	0.071	1.208	0
megahit_202645_7984-9882	tet(W/N/W)	protein homolog model	tetracycline antibiotic	antibiotic target protection	tetracycline-resistant ribosomal protection protein	95.25	99.06	NA	633	tetM, tetO	megahit_202645	20.017	31.05	15.564	20.43	34.924	2.449	49.424	42.116	28.387	5.286	33.064	36.664	28.631	3.966	51.282	50.816	19.154	1.929	2.606	18.477	21.083	32.091	6.109	39.441	25.931	7.799	11.227	23.435	36.545	31.486	12.862	12.501	12.657	23.511	11.808	32.378	22.893	20.098	29.9	29.101	32.287	44.167	45.946
megahit_219391_905-1780	CTX-M-1	protein homolog model	cephalosporin	antibiotic inactivation	CTX-M beta-lactamase	100	100.34	NA	292	blaCTX-M	megahit_219391	0	1.148	0	0	0	0	0	0	0.069	0	0	0	0	0	0.837	0	0	0	0	0	0	1.662	0	0	0	0	0	0	0	0	0	0	0	0	0	0	102.696	0	0	0	0	1.382	0
megahit_233202_89192-89845	catA4	protein homolog model	phenicol antibiotic	antibiotic inactivation	chloramphenicol acetyltransferase (CAT)	96.77	100.46	NA	218	catA	megahit_233202	93.734	20.239	95.401	54.4	26.035	125.149	0.583	1.019	24.071	121.75	25.292	20.834	44.932	99.19	0.042	0	42.697	111.087	111.361	63.065	23.678	1.721	94.315	0	22.554	34.325	35.258	7.514	25.407	43.161	35.662	44.481	59.131	56.292	37.269	2.645	7.115	0	16.822	43.082	39.189	5.123	13.567
megahit_238253_17189-18322	Escherichia coli ampC beta-lactamase	protein homolog model	cephalosporin; penam	antibiotic inactivation	ampC-type beta-lactamase	97.61	100.27	NA	378	ampC	megahit_238253	38.251	16.023	18.847	15.317	14.464	39.207	0.294	0.075	22.193	10.187	15.112	1.154	18.698	25.479	0.299	0	29.153	16.866	12.096	23.182	17.832	0.623	10.915	0.054	32.065	56.47	53.316	32.901	10.128	20.119	42.541	8.318	7.454	18.14	45.263	0.713	33.366	0.019	17.052	1.349	5.631	3.377	1.091
megahit_238953_479-1258	aadA2	protein homolog model	aminoglycoside antibiotic	antibiotic inactivation	ANT(3'')	100	100.39	NA	260	aadA	megahit_238953	0	0.061	0.108	0.15	0.019	0	0	0	0	0	0	0	0	0	0.07	0.136	0.06	0.04	0.059	0	0.212	0	0	0	0	0	0	0	0	0	0	0	0	0	0	0	0	0.014	0	0	0	0.036	0
megahit_238953_1422-1769	qacEdelta1	protein homolog model	acridine dye; disinfecting agents and intercalating dyes	antibiotic efflux	major facilitator superfamily (MFS) antibiotic efflux pump	100	100.87	NA	116	ebr, qacEdelta1	megahit_238953	0	0	0	0.193	0	0	0	0	0	0	0	0	0	0	0	0	0	0	0.044	0	0	0	0	0	0	0	0	0	0	0	0	0	0	0.088	0	0	0	0.272	0	0	0	0.04	0
megahit_238953_1763-2602	sul1	protein homolog model	sulfonamide antibiotic	antibiotic target replacement	sulfonamide resistant sul	100	100.36	NA	280	sul1	megahit_238953	0	0	0.067	0.04	0	0.126	0	0	0	0	0	0	0	0	0.081	0.158	0.075	0.038	0.091	0.013	0.036	0	0	0	0	0	0	0	0	0	0	0.149	0.059	0	0	0	0	0.176	0	0	0	0.034	0
megahit_240960_76762-78405	eptA	protein homolog model	peptide antibiotic	antibiotic target alteration	pmr phosphoethanolamine transferase	99.63	100.18	NA	548	eptA, pmrC	megahit_240960	33.468	16.374	18.652	14.441	12.864	37.285	0.338	0.104	20.325	10.477	13.64	1.077	17.795	26.192	0.347	0	25.057	17.369	12.292	22.335	16.818	0.604	10.763	0.075	29.056	55.202	51.418	31.104	9.439	20.666	39.798	6.637	6.514	17.444	44.869	0.837	31.64	0.013	14.808	0.948	5.52	2.834	0.851
megahit_248056_1334-2239	APH(2'')-IVa	protein homolog model	aminoglycoside antibiotic	antibiotic inactivation	APH(2'')	100	100.33	NA	302	aphD	megahit_248056	0	0	0	0	0	0	0	0	0	0	0	0.014	0	0	0	0	0	0	0	0.012	0	0	0	0	0	0	0	0	0.092	0	0	0	0	0	0.027	0	0.034	0.57	0.06	0	0	0	0
megahit_257448_709-3786	mdtC	protein homolog model	aminocoumarin antibiotic	antibiotic efflux	resistance-nodulation-cell division (RND) antibiotic efflux pump	99.8	100.1	NA	1026	mdtC	megahit_257448	21.775	11.002	11.934	8.634	7.88	27.091	0.217	0.011	15.99	6.423	8.913	0.551	13.847	18.479	0.176	0.009	18.21	9.995	7.161	16.675	11.972	0.43	6.463	0.07	25.715	41.333	40.251	24.783	6.717	15.12	27.552	4.607	4.852	13.005	31.88	0.336	16.651	0	11.347	0.655	3.159	1.88	0.621
megahit_257448_5199-6602	baeS	protein homolog model	aminoglycoside antibiotic; aminocoumarin antibiotic	antibiotic efflux	resistance-nodulation-cell division (RND) antibiotic efflux pump	100	100.21	NA	468	baeS, smeS	megahit_257448	34.443	14.693	16.959	14.127	12.582	38.053	0.475	0.146	22.93	9.215	13.901	0.897	19.549	27.595	0.3	0	25.873	15.917	10.205	23.775	18.258	0.762	10.381	0.044	31.705	54.222	53.704	33.518	8.586	23.971	35.186	5.503	6.748	17.799	44.152	0.612	25.848	0.03	16.501	1.665	4.804	2.657	0.996
megahit_257448_6599-7321	baeR	protein homolog model	aminoglycoside antibiotic; aminocoumarin antibiotic	antibiotic efflux	resistance-nodulation-cell division (RND) antibiotic efflux pump	100	100.42	NA	241	baeR, smeR	megahit_257448	36.508	14.31	17.155	12.36	12.829	38.477	0.242	0	22.566	9.516	13.383	0.776	17.606	27.789	0.413	0	28.999	16.427	11.218	25.981	19.838	0.793	10.373	0.021	32.752	62.098	52.126	33.351	9.731	23.474	36.812	7.028	7.363	16.376	41.303	0.646	27.689	0	16.789	1.586	5.033	3.466	0.711
megahit_263098_30598-31419	OXA-273	protein homolog model	carbapenem; cephalosporin; penam	antibiotic inactivation	OXA beta-lactamase	100	100.37	NA	274	blaOXA-213	megahit_263098	0.233	0	0.136	2.937	2.313	1.054	0	0	0	0.02	0.943	0.425	0.872	0.629	0	0	0	0.538	3.809	2.726	1.738	0	2.174	0	0	12.244	8.031	7.19	2.69	2.331	8.134	9.981	15.197	0	0	0	0	0	0	0	0	0	0
megahit_264584_183-1274	ugd	protein homolog model	peptide antibiotic	antibiotic target alteration	pmr phosphoethanolamine transferase	98.9	93.81	NA	364	UGDH, ugd	megahit_264584	1.366	0.833	3.285	2.948	0.239	2.024	0.029	0	1.229	2.228	2.523	0.068	0.06	2.111	0	0	0.877	4.845	3.315	0.478	0.867	0.02	3.058	0	1.182	3.794	4.05	0.204	0.802	2.456	1.979	0.82	0.514	0.447	3.073	0.046	0.043	0	0.173	0.135	0.54	0.271	0.147
megahit_270237_11799-12656	ANT(6)-Ib	protein homolog model	aminoglycoside antibiotic	antibiotic inactivation	ANT(6)	100	100.35	NA	286	aadK	megahit_270237	0	0.093	0	0.039	0.102	0	0	0	0	0	0	0.058	0	0	0	0	0	0	0	0.063	0	0	0	0	0.015	0	0	0	0	0	0	0	0	0	0	0	0	8.433	0.032	0.086	0.017	0	0
megahit_294235_7317-7865	AAC(6')-Ii	protein homolog model	aminoglycoside antibiotic	antibiotic inactivation	AAC(6')	99.45	100.55	NA	183	aac6-I	megahit_294235	0	0.465	0.153	8.673	0.291	5.992	0.203	0	0.385	0	0.555	0	0.119	1.654	0	0	0.744	0	4.813	0.119	0.767	34.121	1.814	29.208	0.192	0	4.465	0	0.279	0.116	0	28.22	20.801	0	0.243	9.27	12.913	0	0.764	0	1.048	0.538	0
megahit_300546_10075-11718	YojI	protein homolog model	peptide antibiotic	antibiotic efflux	ATP-binding cassette (ABC) antibiotic efflux pump	99.82	100.18	NA	548	yojI	megahit_300546	31.188	15.228	14.211	12.544	11.372	36.123	0.106	0.083	19.289	8.948	12.596	0.94	17.329	23.855	0.074	0	25.382	14.9	9.366	23.553	16.937	0.382	9.845	0.019	28.222	50.726	49.39	29.868	8.475	19.53	33.976	5.561	6.112	16.044	38.605	0.384	24.829	0	14.907	1.136	3.919	2.415	0.675
megahit_302680_545-877	Escherichia coli emrE	protein homolog model	macrolide antibiotic	antibiotic efflux	small multidrug resistance (SMR) antibiotic efflux pump	97.27	100.91	NA	111	emrE, qac, mmr, smr	megahit_302680	1.561	3.452	6.818	9.868	0.523	0.372	0.239	0	1.63	5.032	7.274	0.412	0.196	0.671	0	0	2.075	11.288	8.669	1.143	0.226	0	7.61	0	1.977	6.593	8.802	0.118	0.209	1.199	1.176	2.501	1.722	1.556	2.765	0	0.047	0	0.569	0.442	1.339	0.592	0.434
megahit_308087_1823-2500	kdpE	protein homolog model	aminoglycoside antibiotic	antibiotic efflux	kdpDE	99.11	100.44	NA	226	kdpE	megahit_308087	34.633	13.847	16.929	11.771	10.897	38.814	0.234	0.05	18.148	9.078	13.107	0.809	16.779	28.067	0.12	0	23.233	18.24	14.238	20.149	19.203	0.618	10.845	0.045	20.279	42.391	37.682	22.325	9.926	26.609	33.201	5.498	5.755	14.856	39.738	0.671	28.49	0	12.854	1.084	5.812	2.678	0.948
megahit_323384_26-1948	tet(44)	protein homolog model	tetracycline antibiotic	antibiotic target protection	tetracycline-resistant ribosomal protection protein	98.75	100.16	NA	641	tetM, tetO	megahit_323384	1.928	3.13	5.91	6.6	10.749	0.239	0.678	0.027	2.054	0.109	9.07	18.865	5.95	3.531	0.219	0.083	1.258	0.033	0.016	6.533	2.173	0.034	0.19	0.184	1.972	0	0	2.344	2.661	6.609	2.783	0	0	4.192	1.48	0.105	0.26	14.82	3.589	2.944	5.886	4.509	4.054
megahit_324420_869-1606	ErmB	protein homolog model	macrolide antibiotic; lincosamide antibiotic; streptogramin antibiotic	antibiotic target alteration	Erm 23S ribosomal RNA methyltransferase	98.78	99.19	NA	246	ermC, ermA	megahit_324420	0.167	1.428	0.399	7.361	0.275	10.544	0.108	1.366	1.349	0	3.17	0.22	0.707	3.029	1.361	2.14	1.447	0	0.062	0.413	2.465	83.129	0.715	79.447	2.748	0	0	0.71	0.961	0.606	0.963	0	0	0.764	13.28	23.134	35.929	17.853	2.182	0.1	1.403	1.183	0.588
megahit_330281_173-631	dfrA5	protein homolog model	diaminopyrimidine antibiotic	antibiotic target replacement	trimethoprim resistant dihydrofolate reductase dfr	100	97.45	NA	153	dfrA1, dhfr	megahit_330281	0.596	0.139	4.305	10.301	0.063	0.231	0	0	0.066	5.546	5.73	0	0	0.122	0	0	0	11.699	9.884	0.213	0	0	8.616	0	0.115	10.812	11.415	0.257	0	0.174	0.6	1.452	1.521	0.199	0.158	0	0.068	0	0	0.032	0.251	0	0
megahit_333450_50336-51493	Escherichia coli ampH beta-lactamase	protein homolog model	cephalosporin; penam	antibiotic inactivation	ampC-type beta-lactamase	100	100.26	NA	386	ampH	megahit_333450	33.961	16.297	16.701	13.421	10.768	36.913	0.384	0.059	20.079	9.781	13.83	0.937	16.566	24.879	0.492	0.023	25.036	15.739	10.843	22.768	16.748	0.524	10.17	0.066	28.216	52.109	49.389	30.136	8.874	20.116	37.112	5.629	5.717	17.159	40.245	0.523	29.869	0.073	15.752	0.978	4.012	2.784	0.694
megahit_334362_12083-12580	dfrG	protein homolog model	diaminopyrimidine antibiotic	antibiotic target replacement	trimethoprim resistant dihydrofolate reductase dfr	100	100.61	NA	166	dfrD, dhfr	megahit_334362	0.055	0.577	0	0	0	6.712	0.128	0	0.515	0	0	0	0	1.824	0.082	0	0.315	0	0	0	1.117	47.828	0	43.324	0	0	0	0	0.056	0.256	0	0	0	0	0.097	11.056	14.549	0	0.679	0	0.838	0.311	0
megahit_349230_4107-4490	marA	protein homolog model	fluoroquinolone antibiotic; monobactam; carbapenem; cephalosporin; glycylcycline; cephamycin; penam; tetracycline antibiotic; rifamycin antibiotic; phenicol antibiotic; triclosan; penem	antibiotic efflux; reduced permeability to antibiotic	resistance-nodulation-cell division (RND) antibiotic efflux pump; General Bacterial Porin with reduced permeability to beta-lactams	100	100.79	NA	128	marA	megahit_349230	30.717	15.01	16.204	14.059	10.357	37.673	0.538	0	22.736	11.119	12.112	0.747	18.336	28.489	0.318	0	27.443	15.794	10.581	24.331	19.341	0.575	8.888	0.12	34.262	48.555	51.436	28.667	9.234	24.156	34.75	4.501	5.065	17.381	39.403	0.395	25.009	0	16.669	1.494	4.457	2.896	1.088
megahit_362226_25588-26874	efmA	protein homolog model	macrolide antibiotic; fluoroquinolone antibiotic	antibiotic efflux	major facilitator superfamily (MFS) antibiotic efflux pump	100	100.23	NA	429	mef	megahit_362226	0.043	0.248	0.076	7.491	0.192	3.834	0.136	0	0.41	0	0.355	0	0.241	1.216	0.179	0	0.403	0	4.747	0.085	0.935	33.37	1.912	31.567	0.225	0	4.565	0	0.108	0.149	0.023	23.639	17.969	0.189	0.047	8.743	11.721	0.041	0.568	0	0.38	0.35	0
megahit_378501_89739-90068	abeS	protein homolog model	macrolide antibiotic; aminocoumarin antibiotic	antibiotic efflux	small multidrug resistance (SMR) antibiotic efflux pump	97.25	100.92	NA	110	emrE, qac, mmr, smr	megahit_378501	0.456	0	0	4.979	3.299	1.822	0	0	0	0.195	0.797	0.604	1.235	1.651	0	0	0	1.244	3.842	4.417	1.595	0	1.997	0	0	15.835	8.724	9.134	3.876	3.338	9.098	12.242	18.813	0	0	0	0	0	0	0	0	0	0
megahit_378501_95837-99016	adeF	protein homolog model	fluoroquinolone antibiotic; tetracycline antibiotic	antibiotic efflux	resistance-nodulation-cell division (RND) antibiotic efflux pump	98.58	100.09	NA	1060	bpeF	megahit_378501	0.306	0	0.035	3.453	2.725	1.029	0	0	0	0.233	0.884	0.565	1.471	0.848	0	0	0	0.785	3.228	2.989	1.811	0.007	2.183	0.01	0	13.01	9.135	7.01	2.882	2.967	8.201	11.728	14.733	0	0	0	0	0	0	0	0	0	0
megahit_378501_167318-168469	ADC-41	protein homolog model	cephalosporin	antibiotic inactivation	ADC beta-lactamase without carbapenemase activity	99.48	100.26	NA	384	blaADC	megahit_378501	0.249	0	0.024	3.275	2.495	0.461	0	0	0	0.112	0.661	0.292	1.415	0.982	0	0	0	0.576	3.235	3.446	1.566	0	1.869	0	0	13.971	8.635	7.337	2.752	3.285	8.096	11.135	17.953	0	0	0	0	0	0	0	0	0	0
megahit_385510_14478-15959	TolC	protein homolog model	macrolide antibiotic; fluoroquinolone antibiotic; aminoglycoside antibiotic; carbapenem; cephalosporin; glycylcycline; cephamycin; penam; tetracycline antibiotic; peptide antibiotic; aminocoumarin antibiotic; rifamycin antibiotic; phenicol antibiotic; triclosan; penem	antibiotic efflux	ATP-binding cassette (ABC) antibiotic efflux pump; major facilitator superfamily (MFS) antibiotic efflux pump; resistance-nodulation-cell division (RND) antibiotic efflux pump	100	99.8	NA	494	tolC	megahit_385510	33.96	14.706	17.409	13.021	11.93	35.239	0.311	0.069	19.413	10.404	12.796	1.312	17.607	26.746	0.421	0	23.335	16.529	10.152	20.997	15.907	0.603	10.694	0.052	29.033	50.064	49.521	28.013	8.332	18.562	36.916	5.958	6.376	15.845	41.076	0.673	28.186	0	13.989	1.012	4.619	2.907	0.835
megahit_434069_9750-10382	CRP	protein homolog model	macrolide antibiotic; fluoroquinolone antibiotic; penam	antibiotic efflux	resistance-nodulation-cell division (RND) antibiotic efflux pump	99.52	100.48	NA	211	crp	megahit_434069	38.586	19.624	20.258	17.614	14.561	44.283	0.377	0.297	22.535	11.428	17.494	0.867	20.289	27.656	0.214	0	29.45	20.01	13.465	23.746	19.714	0.523	12.241	0.049	33.892	59.912	59.968	34.946	10.917	21.439	41.221	7.632	8.607	17.862	48.4	0.918	34.34	0.1	17.594	1.417	5.203	3.158	1.041
megahit_439738_3678-4097	FosB2	protein homolog model	fosfomycin	antibiotic inactivation	fosfomycin thiol transferase	98.56	100.72	NA	140	fosB	megahit_439738	0	0	0	0	0	0	0.303	0.488	0	0	0	0	0	0	0.032	0.19	0	0	0	0	0	0	0	0	0	0	0	0	0	0	0	0	0	0	0	0	0	0	0	0.035	0.068	0	0.077
megahit_440044_760-2718	tetB(P)	protein homolog model	tetracycline antibiotic	antibiotic target protection	tetracycline-resistant ribosomal protection protein	97.85	100.15	NA	653	tetM, tetO	megahit_440044	0	0	0	0	0	0	0	0	0	0	0	0	0	0	0	0	0	0	0	0	0	0	0	0	0	0	0	0	0	0	0	0	0	0	0	0	0	0.688	0	0	0	0	0
megahit_450418_435-1874	AAC(6')-Ie-APH(2'')-Ia	protein homolog model	aminoglycoside antibiotic	antibiotic inactivation	APH(2''); AAC(6')	100	100.21	NA	480	aacA-aphD	megahit_450418	0	0	0	0.047	0	0	0.11	0.024	0.01	0	0.077	0	0	0	0.038	0.203	0	0	0	0.008	0.021	0.077	0	0	0.018	0	0	0	0	0	0	0	0	0	0	0.14	0	0.102	0	0	0.05	0.059	0.089
megahit_480745_34-1953	tet32	protein homolog model	tetracycline antibiotic	antibiotic target protection	tetracycline-resistant ribosomal protection protein	95.62	100.16	NA	640	tetM, tetO	megahit_480745	0.834	3.276	1.277	0.506	2.419	0.018	1.225	0.81	4.28	8.106	1.831	3.123	1.986	0.102	5.606	13.756	6.781	22.358	23.405	5.79	1.402	5.763	8.918	15.1	4.76	8.246	8.207	5.344	2.39	3.8	1.095	4.718	4.175	4.746	4.436	6.202	18.243	3.768	2.756	1.884	1.333	6.613	5.902
megahit_483940_298-1086	aadA	protein homolog model	aminoglycoside antibiotic	antibiotic inactivation	ANT(3'')	99.62	100	NA	263	aadA	megahit_483940	0	0	0.036	0	0	0	0	0	0	0.082	0	0	0	0	0	0	0.04	0.581	0	0.083	0	0	0	0	0	0.157	0.099	0	0	0	0	0.264	0.095	0	0	0	0	0.133	0	0	0	0.036	0.041
megahit_483940_1144-1668	SAT-2	protein homolog model	nucleoside antibiotic	antibiotic inactivation	streptothricin acetyltransferase (SAT)	100	100.57	NA	175	NA	megahit_483940	0	0	0	0	0	0	0	0	0	0.092	0	0	0	0	0	0	0	0.511	0	0	0	0	0.056	0	0	0.059	0.049	0	0	0	0	0.238	0.024	0	0	0	0	0	0	0	0	0	0
megahit_483940_1763-2236	dfrA1	protein homolog model	diaminopyrimidine antibiotic	antibiotic target replacement	trimethoprim resistant dihydrofolate reductase dfr	99.36	100.64	NA	158	dfrA1, dhfr	megahit_483940	0	0	0	0	0	0	0	0	0	0	0	0	0	0	0	0	0	0.233	0.032	0	0	0	0	0	0	0.098	0.055	0	0	0	0	0	0.079	0	0	0	0	0	0	0	0	0	0
megahit_491891_404-946	SAT-4	protein homolog model	nucleoside antibiotic	antibiotic inactivation	streptothricin acetyltransferase (SAT)	99.44	100.56	NA	181	sat4	megahit_491891	6.25	11.585	6.427	6.299	8.741	1.531	7.171	11.519	10.775	0.237	13.715	10.607	6.873	11.759	6.899	14.665	6.913	0.087	0	4.887	13.179	14.283	0.27	10.316	7.64	0	0	16.387	4.02	5.234	4.06	0	0	10.383	4.105	8.954	10.065	10.687	12.137	12.051	18.885	15.088	12.611
megahit_527694_1-633	dfrA17	protein homolog model	diaminopyrimidine antibiotic	antibiotic target replacement	trimethoprim resistant dihydrofolate reductase dfr	99.36	134.39	NA	211	dfrA1, dhfr	megahit_527694	0	0.883	0.044	0	0	0	0.025	0	0.095	0	0.109	0	0	0	0.365	0	0.124	0	0	0	0	0.784	0	0	0	0	0	0	0	0	0	0	0	0	0	0	46.822	0	0	0	0	0.578	0
megahit_527694_764-1552	aadA5	protein homolog model	aminoglycoside antibiotic	antibiotic inactivation	ANT(3'')	100	100.38	NA	263	aadA	megahit_527694	0	1.032	0.089	0	0	0	0.04	0	0.115	0	0.07	0	0	0	0.482	0	0.04	0	0	0	0	1.202	0	0	0	0	0	0	0	0	0	0	0	0	0	0	66.757	0	0	0	0	1.338	0
megahit_550483_218906-219538	CRP	protein homolog model	macrolide antibiotic; fluoroquinolone antibiotic; penam	antibiotic efflux	resistance-nodulation-cell division (RND) antibiotic efflux pump	98.1	100.48	NA	211	crp	megahit_550483	126.827	29.108	119.532	74.719	32.264	164.252	0.251	1.674	27.252	144.879	34.441	26.666	52.422	121.44	0	0.084	53.665	148.63	151.492	83.405	26.649	2.701	116.165	0	27.651	45.087	43.762	9.171	32.972	47.746	44.773	59.872	73.323	75.275	46.372	3.052	7.771	0	26.551	55.638	49.464	6.672	19.426
megahit_585692_1911-3629	efrA	protein homolog model	macrolide antibiotic; fluoroquinolone antibiotic; rifamycin antibiotic	antibiotic efflux	ATP-binding cassette (ABC) antibiotic efflux pump	99.3	99.65	NA	573	efrA	megahit_585692	1.13	0.622	2.568	1.775	1.317	37.593	1.701	1.949	0.5	0.253	2.851	1.008	1.062	25.326	5.574	4.246	1.169	0.046	0	0.962	20.378	2.606	0.307	3.357	1.44	0	0	1.952	8.04	3.269	2.759	0	0	0.807	2.467	2.733	0.3	0	0.394	0.282	0.51	0.491	0.58
megahit_644673_282016-282510	dfrE	protein homolog model	diaminopyrimidine antibiotic	antibiotic target replacement	trimethoprim resistant dihydrofolate reductase dfr	98.78	100.61	NA	165	DHFR, folA	megahit_644673	0.581	0.452	3.426	1.998	1.056	35.835	1.991	1.485	0.213	0.033	2.796	0.756	0.856	22.778	4.689	4.746	1.237	0.128	0	0.813	21.413	1.805	0.237	3.295	1.517	0	0	1.694	7.107	3.483	2.11	0	0	1.139	2.937	3.342	0.41	0	0.547	0.059	0.436	0.626	0.422
megahit_649537_18134-18595	AAC(6')-Iz	protein homolog model	aminoglycoside antibiotic	antibiotic inactivation	AAC(6')	98.04	100.65	NA	154	aac6-I, aacA7	megahit_649537	0	0	0	7.294	2.576	0	0	0	0	0.418	1.648	0.054	3.246	0	0	0	0	0.923	0.231	8.004	0	0	0.127	0	0	16.598	22.766	2.751	0	0	13.091	45.253	38.318	0	0	0	0	0	0	0	0	0	0.035
