genome,secondary_cluster,threshold,cluster_method,comparison_algorithm,primary_cluster
chicken1_C-6_maxbin.002.fasta.contigs.fa,1_1,0.020000000000000018,average,ANImf,1
chicken1_D11_maxbin.019.fasta_sub.contigs.fa,1_1,0.020000000000000018,average,ANImf,1
chicken1_D12_maxbin.005.fasta.contigs.fa,1_1,0.020000000000000018,average,ANImf,1
chicken1_D18_maxbin.003.fasta.contigs.fa,1_1,0.020000000000000018,average,ANImf,1
chicken1_D25_maxbin.002.fasta.contigs.fa,1_1,0.020000000000000018,average,ANImf,1
chicken1_D26_maxbin.002.fasta.contigs.fa,1_1,0.020000000000000018,average,ANImf,1
chicken1_D3_maxbin.003.fasta.contigs.fa,1_1,0.020000000000000018,average,ANImf,1
chicken1_D43_maxbin.006.fasta.contigs.fa,1_1,0.020000000000000018,average,ANImf,1
chicken1_D43_maxbin.004.fasta.contigs.fa,2_0,0.020000000000000018,average,ANImf,2
chicken1_C-2_maxbin.004.fasta.contigs.fa,3_1,0.020000000000000018,average,ANImf,3
chicken1_C-3_maxbin.002.fasta.contigs.fa,3_1,0.020000000000000018,average,ANImf,3
chicken1_C-6_maxbin.007.fasta.contigs.fa,3_1,0.020000000000000018,average,ANImf,3
chicken1_D12_maxbin.019.fasta.contigs.fa,3_1,0.020000000000000018,average,ANImf,3
chicken1_D13_maxbin.027.fasta.contigs.fa,3_1,0.020000000000000018,average,ANImf,3
chicken1_D14_metabat2.17.fa_sub.contigs.fa,3_1,0.020000000000000018,average,ANImf,3
chicken1_D19_maxbin.054.fasta.contigs.fa,3_1,0.020000000000000018,average,ANImf,3
chicken1_D20_maxbin.034.fasta.contigs.fa,3_1,0.020000000000000018,average,ANImf,3
chicken1_D21_metabat2.50.fa.contigs.fa,3_1,0.020000000000000018,average,ANImf,3
chicken1_D25_metabat2.12.fa.contigs.fa,3_1,0.020000000000000018,average,ANImf,3
chicken1_D26_maxbin.008.fasta.contigs.fa,3_1,0.020000000000000018,average,ANImf,3
chicken1_D27_maxbin.014.fasta.contigs.fa,3_1,0.020000000000000018,average,ANImf,3
chicken1_D2_maxbin.069.fasta.contigs.fa,3_1,0.020000000000000018,average,ANImf,3
chicken1_D32_maxbin.007.fasta.contigs.fa,3_1,0.020000000000000018,average,ANImf,3
chicken1_D33_maxbin.009.fasta.contigs.fa,3_1,0.020000000000000018,average,ANImf,3
chicken1_D34_maxbin.009.fasta_sub.contigs.fa,3_1,0.020000000000000018,average,ANImf,3
chicken1_D35_maxbin.021.fasta.contigs.fa,3_1,0.020000000000000018,average,ANImf,3
chicken1_D36_maxbin.019.fasta.contigs.fa,3_1,0.020000000000000018,average,ANImf,3
chicken1_D37_maxbin.007.fasta.contigs.fa,3_1,0.020000000000000018,average,ANImf,3
chicken1_D38_maxbin.007.fasta.contigs.fa,3_1,0.020000000000000018,average,ANImf,3
chicken1_D39_maxbin.008.fasta.contigs.fa,3_1,0.020000000000000018,average,ANImf,3
chicken1_D3_maxbin.008.fasta.contigs.fa,3_1,0.020000000000000018,average,ANImf,3
chicken1_D15_maxbin.006.fasta.contigs.fa,4_1,0.020000000000000018,average,ANImf,4
chicken1_D9_maxbin.041.fasta.contigs.fa,4_1,0.020000000000000018,average,ANImf,4
chicken1_D43_maxbin.043.fasta.contigs.fa,5_0,0.020000000000000018,average,ANImf,5
chicken1_C-1_maxbin.017.fasta.contigs.fa,6_1,0.020000000000000018,average,ANImf,6
chicken1_C-4_maxbin.005.fasta.contigs.fa,6_1,0.020000000000000018,average,ANImf,6
chicken1_D10_maxbin.017.fasta.contigs.fa,6_1,0.020000000000000018,average,ANImf,6
chicken1_D13_maxbin.013.fasta.contigs.fa,6_1,0.020000000000000018,average,ANImf,6
chicken1_D17_maxbin.018.fasta.contigs.fa,6_1,0.020000000000000018,average,ANImf,6
chicken1_D19_maxbin.016.fasta.contigs.fa,6_1,0.020000000000000018,average,ANImf,6
chicken1_D1_maxbin.029.fasta.contigs.fa,6_1,0.020000000000000018,average,ANImf,6
chicken1_D20_maxbin.010.fasta.contigs.fa,6_1,0.020000000000000018,average,ANImf,6
chicken1_D24_maxbin.010.fasta.contigs.fa,6_1,0.020000000000000018,average,ANImf,6
chicken1_D27_maxbin.012.fasta.contigs.fa,6_1,0.020000000000000018,average,ANImf,6
chicken1_D28_maxbin.029.fasta.contigs.fa,6_1,0.020000000000000018,average,ANImf,6
chicken1_D2_maxbin.014.fasta.contigs.fa,6_1,0.020000000000000018,average,ANImf,6
chicken1_D31_maxbin.013.fasta.contigs.fa,6_1,0.020000000000000018,average,ANImf,6
chicken1_D34_maxbin.006.fasta.contigs.fa,6_1,0.020000000000000018,average,ANImf,6
chicken1_D35_maxbin.017.fasta.contigs.fa,6_1,0.020000000000000018,average,ANImf,6
chicken1_D36_maxbin.017.fasta.contigs.fa,6_1,0.020000000000000018,average,ANImf,6
chicken1_D37_maxbin.010.fasta.contigs.fa,6_1,0.020000000000000018,average,ANImf,6
chicken1_D40_maxbin.006.fasta.contigs.fa,6_1,0.020000000000000018,average,ANImf,6
chicken1_D4_maxbin.010.fasta.contigs.fa,6_1,0.020000000000000018,average,ANImf,6
chicken1_D5_maxbin.013.fasta.contigs.fa,6_1,0.020000000000000018,average,ANImf,6
chicken1_D6_maxbin.014.fasta.contigs.fa,6_1,0.020000000000000018,average,ANImf,6
chicken1_D7_maxbin.011.fasta.contigs.fa,6_1,0.020000000000000018,average,ANImf,6
chicken1_C-1_maxbin.013.fasta.contigs.fa,7_1,0.020000000000000018,average,ANImf,7
chicken1_C-2_maxbin.013.fasta.contigs.fa,7_1,0.020000000000000018,average,ANImf,7
chicken1_C-4_maxbin.006.fasta.contigs.fa,7_1,0.020000000000000018,average,ANImf,7
chicken1_D10_maxbin.005.fasta.contigs.fa,7_1,0.020000000000000018,average,ANImf,7
chicken1_D11_maxbin.007.fasta.contigs.fa,7_1,0.020000000000000018,average,ANImf,7
chicken1_D12_maxbin.018.fasta.contigs.fa,7_1,0.020000000000000018,average,ANImf,7
chicken1_D13_maxbin.018.fasta.contigs.fa,7_1,0.020000000000000018,average,ANImf,7
chicken1_D17_maxbin.005.fasta.contigs.fa,7_1,0.020000000000000018,average,ANImf,7
chicken1_D1_maxbin.009.fasta.contigs.fa,7_1,0.020000000000000018,average,ANImf,7
chicken1_D24_maxbin.009.fasta.contigs.fa,7_1,0.020000000000000018,average,ANImf,7
chicken1_D27_maxbin.011.fasta.contigs.fa,7_1,0.020000000000000018,average,ANImf,7
chicken1_D28_maxbin.021.fasta.contigs.fa,7_1,0.020000000000000018,average,ANImf,7
chicken1_D29_maxbin.006.fasta.contigs.fa,7_1,0.020000000000000018,average,ANImf,7
chicken1_D2_maxbin.008.fasta.contigs.fa,7_1,0.020000000000000018,average,ANImf,7
chicken1_D31_maxbin.007.fasta.contigs.fa,7_1,0.020000000000000018,average,ANImf,7
chicken1_D34_maxbin.004.fasta.contigs.fa,7_1,0.020000000000000018,average,ANImf,7
chicken1_D35_maxbin.010.fasta.contigs.fa,7_1,0.020000000000000018,average,ANImf,7
chicken1_D37_maxbin.013.fasta.contigs.fa,7_1,0.020000000000000018,average,ANImf,7
chicken1_D40_maxbin.005.fasta.contigs.fa,7_1,0.020000000000000018,average,ANImf,7
chicken1_D42_maxbin.012.fasta.contigs.fa,7_1,0.020000000000000018,average,ANImf,7
chicken1_D4_maxbin.007.fasta.contigs.fa,7_1,0.020000000000000018,average,ANImf,7
chicken1_D5_maxbin.007.fasta.contigs.fa,7_1,0.020000000000000018,average,ANImf,7
chicken1_D6_maxbin.007.fasta.contigs.fa,7_1,0.020000000000000018,average,ANImf,7
chicken1_D7_maxbin.005.fasta.contigs.fa,7_1,0.020000000000000018,average,ANImf,7
chicken1_D8_maxbin.009.fasta.contigs.fa,7_1,0.020000000000000018,average,ANImf,7
chicken1_D9_maxbin.021.fasta.contigs.fa,7_1,0.020000000000000018,average,ANImf,7
chicken1_C-1_maxbin.020.fasta.contigs.fa,8_1,0.020000000000000018,average,ANImf,8
chicken1_C-4_maxbin.011.fasta.contigs.fa,8_1,0.020000000000000018,average,ANImf,8
chicken1_D13_maxbin.010.fasta.contigs.fa,8_1,0.020000000000000018,average,ANImf,8
chicken1_D19_maxbin.010.fasta.contigs.fa,8_1,0.020000000000000018,average,ANImf,8
chicken1_D2_maxbin.006.fasta.contigs.fa,8_1,0.020000000000000018,average,ANImf,8
chicken1_D35_maxbin.020.fasta.contigs.fa,8_1,0.020000000000000018,average,ANImf,8
chicken1_D40_maxbin.031.fasta.contigs.fa,8_1,0.020000000000000018,average,ANImf,8
chicken1_D7_maxbin.017.fasta.contigs.fa,8_1,0.020000000000000018,average,ANImf,8
chicken1_D43_maxbin.026.fasta.contigs.fa,9_0,0.020000000000000018,average,ANImf,9
chicken1_D43_maxbin.038.fasta.contigs.fa,10_0,0.020000000000000018,average,ANImf,10
chicken1_C-1_maxbin.025.fasta.contigs.fa,11_1,0.020000000000000018,average,ANImf,11
chicken1_C-4_maxbin.022.fasta.contigs.fa,11_1,0.020000000000000018,average,ANImf,11
chicken1_C-5_maxbin.013.fasta.contigs.fa,11_1,0.020000000000000018,average,ANImf,11
chicken1_D11_maxbin.022.fasta.contigs.fa,11_1,0.020000000000000018,average,ANImf,11
chicken1_D12_maxbin.024.fasta.contigs.fa,11_1,0.020000000000000018,average,ANImf,11
chicken1_D13_maxbin.042.fasta.contigs.fa,11_1,0.020000000000000018,average,ANImf,11
chicken1_D14_maxbin.002.fasta.contigs.fa,11_1,0.020000000000000018,average,ANImf,11
chicken1_D15_maxbin.030.fasta.contigs.fa,11_1,0.020000000000000018,average,ANImf,11
chicken1_D16_maxbin.022.fasta.contigs.fa,11_1,0.020000000000000018,average,ANImf,11
chicken1_D19_maxbin.022.fasta.contigs.fa,11_1,0.020000000000000018,average,ANImf,11
chicken1_D1_maxbin.020.fasta.contigs.fa,11_1,0.020000000000000018,average,ANImf,11
chicken1_D20_maxbin.038.fasta.contigs.fa,11_1,0.020000000000000018,average,ANImf,11
chicken1_D22_maxbin.016.fasta.contigs.fa,11_1,0.020000000000000018,average,ANImf,11
chicken1_D24_maxbin.042.fasta_sub.contigs.fa,11_1,0.020000000000000018,average,ANImf,11
chicken1_D27_maxbin.046.fasta.contigs.fa,11_1,0.020000000000000018,average,ANImf,11
chicken1_D28_maxbin.002.fasta.contigs.fa,11_1,0.020000000000000018,average,ANImf,11
chicken1_D29_maxbin.029.fasta.contigs.fa,11_1,0.020000000000000018,average,ANImf,11
chicken1_D2_maxbin.042.fasta.contigs.fa,11_1,0.020000000000000018,average,ANImf,11
chicken1_D30_maxbin.018.fasta.contigs.fa,11_1,0.020000000000000018,average,ANImf,11
chicken1_D31_maxbin.043.fasta_sub.contigs.fa,11_1,0.020000000000000018,average,ANImf,11
chicken1_D34_maxbin.035.fasta.contigs.fa,11_1,0.020000000000000018,average,ANImf,11
chicken1_D35_maxbin.012.fasta.contigs.fa,11_1,0.020000000000000018,average,ANImf,11
chicken1_D36_maxbin.020.fasta.contigs.fa,11_1,0.020000000000000018,average,ANImf,11
chicken1_D37_maxbin.022.fasta.contigs.fa,11_1,0.020000000000000018,average,ANImf,11
chicken1_D40_maxbin.024.fasta.contigs.fa,11_1,0.020000000000000018,average,ANImf,11
chicken1_D41_maxbin.024.fasta.contigs.fa,11_1,0.020000000000000018,average,ANImf,11
chicken1_D4_maxbin.047.fasta.contigs.fa,11_1,0.020000000000000018,average,ANImf,11
chicken1_D8_maxbin.066.fasta.contigs.fa,11_1,0.020000000000000018,average,ANImf,11
chicken1_C-4_maxbin.008.fasta.contigs.fa,12_1,0.020000000000000018,average,ANImf,12
chicken1_C-5_maxbin.027.fasta.contigs.fa,12_1,0.020000000000000018,average,ANImf,12
chicken1_D12_maxbin.025.fasta.contigs.fa,12_1,0.020000000000000018,average,ANImf,12
chicken1_D19_maxbin.039.fasta.contigs.fa,12_1,0.020000000000000018,average,ANImf,12
chicken1_D31_maxbin.042.fasta.contigs.fa,12_1,0.020000000000000018,average,ANImf,12
chicken1_D40_maxbin.008.fasta.contigs.fa,12_1,0.020000000000000018,average,ANImf,12
chicken1_D41_maxbin.037.fasta.contigs.fa,12_1,0.020000000000000018,average,ANImf,12
chicken1_D42_maxbin.017.fasta.contigs.fa,12_1,0.020000000000000018,average,ANImf,12
chicken1_C-2_maxbin.005.fasta.contigs.fa,13_1,0.020000000000000018,average,ANImf,13
chicken1_C-3_maxbin.005.fasta.contigs.fa,13_1,0.020000000000000018,average,ANImf,13
chicken1_C-5_maxbin.003.fasta.contigs.fa,13_1,0.020000000000000018,average,ANImf,13
chicken1_C-6_maxbin.006.fasta.contigs.fa,13_1,0.020000000000000018,average,ANImf,13
chicken1_D12_maxbin.007.fasta.contigs.fa,13_1,0.020000000000000018,average,ANImf,13
chicken1_D14_maxbin.005.fasta.contigs.fa,13_1,0.020000000000000018,average,ANImf,13
chicken1_D21_metabat2.11.fa_sub.contigs.fa,13_1,0.020000000000000018,average,ANImf,13
chicken1_D26_maxbin.007.fasta.contigs.fa,13_1,0.020000000000000018,average,ANImf,13
chicken1_D28_maxbin.047.fasta.contigs.fa,13_1,0.020000000000000018,average,ANImf,13
chicken1_D30_maxbin.003.fasta.contigs.fa,13_1,0.020000000000000018,average,ANImf,13
chicken1_D33_maxbin.011.fasta.contigs.fa,13_1,0.020000000000000018,average,ANImf,13
chicken1_D38_maxbin.005.fasta.contigs.fa,13_1,0.020000000000000018,average,ANImf,13
chicken1_D39_maxbin.007.fasta.contigs.fa,13_1,0.020000000000000018,average,ANImf,13
chicken1_D3_maxbin.009.fasta.contigs.fa,13_1,0.020000000000000018,average,ANImf,13
chicken1_D41_maxbin.008.fasta.contigs.fa,13_1,0.020000000000000018,average,ANImf,13
chicken1_D42_maxbin.006.fasta.contigs.fa,13_1,0.020000000000000018,average,ANImf,13
chicken1_D5_maxbin.085.fasta.contigs.fa,13_1,0.020000000000000018,average,ANImf,13
chicken1_C-1_maxbin.046.fasta.contigs.fa,14_1,0.020000000000000018,average,ANImf,14
chicken1_D10_maxbin.036.fasta.contigs.fa,14_1,0.020000000000000018,average,ANImf,14
chicken1_D13_maxbin.035.fasta.contigs.fa,14_1,0.020000000000000018,average,ANImf,14
chicken1_D17_maxbin.041.fasta.contigs.fa,14_1,0.020000000000000018,average,ANImf,14
chicken1_D19_maxbin.040.fasta.contigs.fa,14_1,0.020000000000000018,average,ANImf,14
chicken1_D20_maxbin.036.fasta.contigs.fa,14_1,0.020000000000000018,average,ANImf,14
chicken1_D24_maxbin.032.fasta.contigs.fa,14_1,0.020000000000000018,average,ANImf,14
chicken1_D27_maxbin.042.fasta.contigs.fa,14_1,0.020000000000000018,average,ANImf,14
chicken1_D28_maxbin.055.fasta.contigs.fa,14_1,0.020000000000000018,average,ANImf,14
chicken1_D2_maxbin.031.fasta.contigs.fa,14_1,0.020000000000000018,average,ANImf,14
chicken1_D43_maxbin.072.fasta.contigs.fa,14_1,0.020000000000000018,average,ANImf,14
chicken1_D5_maxbin.040.fasta.contigs.fa,14_1,0.020000000000000018,average,ANImf,14
chicken1_D7_maxbin.035.fasta_sub.contigs.fa,14_1,0.020000000000000018,average,ANImf,14
chicken1_D8_maxbin.037.fasta.contigs.fa,14_1,0.020000000000000018,average,ANImf,14
chicken1_D9_maxbin.043.fasta.contigs.fa,14_1,0.020000000000000018,average,ANImf,14
chicken1_C-1_maxbin.022.fasta.contigs.fa,15_1,0.020000000000000018,average,ANImf,15
chicken1_D10_maxbin.021.fasta.contigs.fa,15_1,0.020000000000000018,average,ANImf,15
chicken1_D11_maxbin.008.fasta.contigs.fa,15_1,0.020000000000000018,average,ANImf,15
chicken1_D12_maxbin.014.fasta.contigs.fa,15_1,0.020000000000000018,average,ANImf,15
chicken1_D13_maxbin.015.fasta.contigs.fa,15_1,0.020000000000000018,average,ANImf,15
chicken1_D17_maxbin.019.fasta.contigs.fa,15_1,0.020000000000000018,average,ANImf,15
chicken1_D19_maxbin.020.fasta.contigs.fa,15_1,0.020000000000000018,average,ANImf,15
chicken1_D20_maxbin.014.fasta.contigs.fa,15_1,0.020000000000000018,average,ANImf,15
chicken1_D21_maxbin.012.fasta.contigs.fa,15_1,0.020000000000000018,average,ANImf,15
chicken1_D24_maxbin.015.fasta.contigs.fa,15_1,0.020000000000000018,average,ANImf,15
chicken1_D27_maxbin.016.fasta.contigs.fa,15_1,0.020000000000000018,average,ANImf,15
chicken1_D28_maxbin.035.fasta.contigs.fa,15_1,0.020000000000000018,average,ANImf,15
chicken1_D2_maxbin.018.fasta.contigs.fa,15_1,0.020000000000000018,average,ANImf,15
chicken1_D43_maxbin.086.fasta.contigs.fa,15_1,0.020000000000000018,average,ANImf,15
chicken1_D4_maxbin.015.fasta.contigs.fa,15_1,0.020000000000000018,average,ANImf,15
chicken1_D5_maxbin.025.fasta.contigs.fa,15_1,0.020000000000000018,average,ANImf,15
chicken1_D6_maxbin.022.fasta.contigs.fa,15_1,0.020000000000000018,average,ANImf,15
chicken1_D7_maxbin.029.fasta.contigs.fa,15_1,0.020000000000000018,average,ANImf,15
chicken1_D8_maxbin.022.fasta.contigs.fa,15_1,0.020000000000000018,average,ANImf,15
chicken1_D9_maxbin.016.fasta.contigs.fa,15_1,0.020000000000000018,average,ANImf,15
chicken1_C-4_maxbin.028.fasta.contigs.fa,16_1,0.020000000000000018,average,ANImf,16
chicken1_C-5_maxbin.023.fasta.contigs.fa,16_1,0.020000000000000018,average,ANImf,16
chicken1_D16_maxbin.024.fasta.contigs.fa,16_1,0.020000000000000018,average,ANImf,16
chicken1_D23_maxbin.035.fasta.contigs.fa,16_1,0.020000000000000018,average,ANImf,16
chicken1_D24_maxbin.007.fasta.contigs.fa,16_1,0.020000000000000018,average,ANImf,16
chicken1_D27_maxbin.013.fasta.contigs.fa,16_1,0.020000000000000018,average,ANImf,16
chicken1_D34_maxbin.032.fasta.contigs.fa,16_1,0.020000000000000018,average,ANImf,16
chicken1_D37_maxbin.014.fasta.contigs.fa,16_1,0.020000000000000018,average,ANImf,16
chicken1_D40_maxbin.017.fasta.contigs.fa,16_1,0.020000000000000018,average,ANImf,16
chicken1_D42_maxbin.019.fasta.contigs.fa,16_1,0.020000000000000018,average,ANImf,16
chicken1_D4_maxbin.032.fasta_sub.contigs.fa,16_1,0.020000000000000018,average,ANImf,16
chicken1_D5_maxbin.028.fasta.contigs.fa,16_1,0.020000000000000018,average,ANImf,16
chicken1_D6_maxbin.012.fasta.contigs.fa,16_1,0.020000000000000018,average,ANImf,16
chicken1_D7_maxbin.034.fasta_sub.contigs.fa,16_1,0.020000000000000018,average,ANImf,16
chicken1_C-4_maxbin.010.fasta.contigs.fa,17_1,0.020000000000000018,average,ANImf,17
chicken1_D17_maxbin.056.fasta.contigs.fa,17_1,0.020000000000000018,average,ANImf,17
chicken1_D31_maxbin.035.fasta_sub.contigs.fa,17_1,0.020000000000000018,average,ANImf,17
chicken1_D42_maxbin.054.fasta.contigs.fa,17_1,0.020000000000000018,average,ANImf,17
chicken1_D20_maxbin.029.fasta.contigs.fa,18_0,0.020000000000000018,average,ANImf,18
chicken1_D31_maxbin.056.fasta.contigs.fa,19_0,0.020000000000000018,average,ANImf,19
chicken1_C-5_maxbin.012.fasta.contigs.fa,20_1,0.020000000000000018,average,ANImf,20
chicken1_D41_maxbin.015.fasta.contigs.fa,20_1,0.020000000000000018,average,ANImf,20
chicken1_D10_maxbin.044.fasta.contigs.fa,21_1,0.020000000000000018,average,ANImf,21
chicken1_D15_maxbin.019.fasta.contigs.fa,21_1,0.020000000000000018,average,ANImf,21
chicken1_D16_maxbin.016.fasta.contigs.fa,21_1,0.020000000000000018,average,ANImf,21
chicken1_D28_maxbin.061.fasta.contigs.fa,21_1,0.020000000000000018,average,ANImf,21
chicken1_D2_maxbin.039.fasta.contigs.fa,21_1,0.020000000000000018,average,ANImf,21
chicken1_D30_maxbin.020.fasta.contigs.fa,21_1,0.020000000000000018,average,ANImf,21
chicken1_D35_maxbin.028.fasta.contigs.fa,21_1,0.020000000000000018,average,ANImf,21
chicken1_D36_maxbin.031.fasta.contigs.fa,21_1,0.020000000000000018,average,ANImf,21
chicken1_D6_maxbin.032.fasta.contigs.fa,21_1,0.020000000000000018,average,ANImf,21
chicken1_D7_maxbin.031.fasta.contigs.fa,21_1,0.020000000000000018,average,ANImf,21
chicken1_D8_maxbin.026.fasta.contigs.fa,21_1,0.020000000000000018,average,ANImf,21
chicken1_D9_maxbin.024.fasta.contigs.fa,21_1,0.020000000000000018,average,ANImf,21
chicken1_D21_maxbin.011.fasta.contigs.fa,22_1,0.020000000000000018,average,ANImf,22
chicken1_D42_maxbin.036.fasta.contigs.fa,22_1,0.020000000000000018,average,ANImf,22
chicken1_C-5_maxbin.009.fasta.contigs.fa,23_1,0.020000000000000018,average,ANImf,23
chicken1_D15_maxbin.012.fasta.contigs.fa,23_1,0.020000000000000018,average,ANImf,23
chicken1_D16_maxbin.008.fasta.contigs.fa,23_1,0.020000000000000018,average,ANImf,23
chicken1_D21_maxbin.010.fasta.contigs.fa,23_1,0.020000000000000018,average,ANImf,23
chicken1_D24_maxbin.024.fasta.contigs.fa,23_1,0.020000000000000018,average,ANImf,23
chicken1_D28_maxbin.014.fasta.contigs.fa,23_1,0.020000000000000018,average,ANImf,23
chicken1_D30_maxbin.012.fasta.contigs.fa,23_1,0.020000000000000018,average,ANImf,23
chicken1_D31_maxbin.041.fasta.contigs.fa,23_1,0.020000000000000018,average,ANImf,23
chicken1_D34_maxbin.031.fasta.contigs.fa,23_1,0.020000000000000018,average,ANImf,23
chicken1_D40_maxbin.036.fasta.contigs.fa,23_1,0.020000000000000018,average,ANImf,23
chicken1_D41_maxbin.012.fasta.contigs.fa,23_1,0.020000000000000018,average,ANImf,23
chicken1_D42_maxbin.016.fasta.contigs.fa,23_1,0.020000000000000018,average,ANImf,23
chicken1_D4_maxbin.033.fasta.contigs.fa,23_1,0.020000000000000018,average,ANImf,23
chicken1_D6_maxbin.033.fasta.contigs.fa,23_1,0.020000000000000018,average,ANImf,23
chicken1_D8_maxbin.033.fasta.contigs.fa,23_1,0.020000000000000018,average,ANImf,23
chicken1_D9_maxbin.030.fasta.contigs.fa,23_1,0.020000000000000018,average,ANImf,23
chicken1_C-5_maxbin.005.fasta_sub.contigs.fa,24_1,0.020000000000000018,average,ANImf,24
chicken1_D16_maxbin.006.fasta_sub.contigs.fa,24_1,0.020000000000000018,average,ANImf,24
chicken1_D30_maxbin.010.fasta.contigs.fa,24_1,0.020000000000000018,average,ANImf,24
chicken1_D41_maxbin.009.fasta.contigs.fa,24_1,0.020000000000000018,average,ANImf,24
chicken1_D9_metabat2.84.fa.contigs.fa,24_1,0.020000000000000018,average,ANImf,24
chicken1_D21_maxbin.016.fasta.contigs.fa,25_1,0.020000000000000018,average,ANImf,25
chicken1_D43_maxbin.007.fasta.contigs.fa,25_1,0.020000000000000018,average,ANImf,25
chicken1_C-5_maxbin.026.fasta.contigs.fa,26_1,0.020000000000000018,average,ANImf,26
chicken1_D11_metabat2.37.fa_sub.contigs.fa,26_1,0.020000000000000018,average,ANImf,26
chicken1_D12_metabat2.74.fa.contigs.fa,26_1,0.020000000000000018,average,ANImf,26
chicken1_D28_maxbin.017.fasta_sub.contigs.fa,26_1,0.020000000000000018,average,ANImf,26
chicken1_D30_maxbin.017.fasta.contigs.fa,26_1,0.020000000000000018,average,ANImf,26
chicken1_D41_maxbin.028.fasta.contigs.fa,26_1,0.020000000000000018,average,ANImf,26
chicken1_D22_maxbin.037.fasta.contigs.fa,27_0,0.020000000000000018,average,ANImf,27
chicken1_C-1_metabat2.79.fa.contigs.fa,28_0,0.020000000000000018,average,ANImf,28
chicken1_D13_maxbin.037.fasta.contigs.fa,29_1,0.020000000000000018,average,ANImf,29
chicken1_D17_maxbin.030.fasta.contigs.fa,29_1,0.020000000000000018,average,ANImf,29
chicken1_D20_maxbin.031.fasta_sub.contigs.fa,29_1,0.020000000000000018,average,ANImf,29
chicken1_D24_maxbin.018.fasta.contigs.fa,29_1,0.020000000000000018,average,ANImf,29
chicken1_D27_maxbin.022.fasta_sub.contigs.fa,29_1,0.020000000000000018,average,ANImf,29
chicken1_D28_maxbin.030.fasta.contigs.fa,29_1,0.020000000000000018,average,ANImf,29
chicken1_D31_maxbin.025.fasta.contigs.fa,29_1,0.020000000000000018,average,ANImf,29
chicken1_D35_maxbin.032.fasta.contigs.fa,29_1,0.020000000000000018,average,ANImf,29
chicken1_D37_maxbin.038.fasta.contigs.fa,29_1,0.020000000000000018,average,ANImf,29
chicken1_D42_maxbin.035.fasta.contigs.fa,29_1,0.020000000000000018,average,ANImf,29
chicken1_D22_maxbin.024.fasta.contigs.fa,30_0,0.020000000000000018,average,ANImf,30
chicken1_D23_maxbin.030.fasta.contigs.fa,31_0,0.020000000000000018,average,ANImf,31
chicken1_D15_maxbin.020.fasta_sub.contigs.fa,32_1,0.020000000000000018,average,ANImf,32
chicken1_D4_maxbin.025.fasta.contigs.fa,32_1,0.020000000000000018,average,ANImf,32
chicken1_D43_maxbin.041.fasta.contigs.fa,33_0,0.020000000000000018,average,ANImf,33
chicken1_D43_maxbin.009.fasta.contigs.fa,34_0,0.020000000000000018,average,ANImf,34
chicken1_D17_maxbin.017.fasta.contigs.fa,35_1,0.020000000000000018,average,ANImf,35
chicken1_D1_maxbin.019.fasta.contigs.fa,35_1,0.020000000000000018,average,ANImf,35
chicken1_D24_maxbin.021.fasta.contigs.fa,35_1,0.020000000000000018,average,ANImf,35
chicken1_D6_maxbin.027.fasta.contigs.fa,35_1,0.020000000000000018,average,ANImf,35
chicken1_C-1_maxbin.018.fasta.contigs.fa,36_1,0.020000000000000018,average,ANImf,36
chicken1_D11_maxbin.034.fasta_sub.contigs.fa,36_1,0.020000000000000018,average,ANImf,36
chicken1_D12_maxbin.033.fasta.contigs.fa,36_1,0.020000000000000018,average,ANImf,36
chicken1_D13_maxbin.022.fasta.contigs.fa,36_1,0.020000000000000018,average,ANImf,36
chicken1_D17_maxbin.016.fasta.contigs.fa,36_1,0.020000000000000018,average,ANImf,36
chicken1_D19_maxbin.018.fasta.contigs.fa,36_1,0.020000000000000018,average,ANImf,36
chicken1_D20_maxbin.015.fasta.contigs.fa,36_1,0.020000000000000018,average,ANImf,36
chicken1_D21_maxbin.005.fasta.contigs.fa,36_1,0.020000000000000018,average,ANImf,36
chicken1_D24_maxbin.014.fasta.contigs.fa,36_1,0.020000000000000018,average,ANImf,36
chicken1_D27_maxbin.018.fasta.contigs.fa,36_1,0.020000000000000018,average,ANImf,36
chicken1_D29_maxbin.028.fasta.contigs.fa,36_1,0.020000000000000018,average,ANImf,36
chicken1_D2_maxbin.020.fasta.contigs.fa,36_1,0.020000000000000018,average,ANImf,36
chicken1_D31_maxbin.011.fasta.contigs.fa,36_1,0.020000000000000018,average,ANImf,36
chicken1_D35_maxbin.008.fasta.contigs.fa,36_1,0.020000000000000018,average,ANImf,36
chicken1_D36_maxbin.012.fasta.contigs.fa,36_1,0.020000000000000018,average,ANImf,36
chicken1_D37_maxbin.019.fasta.contigs.fa,36_1,0.020000000000000018,average,ANImf,36
chicken1_D42_maxbin.009.fasta.contigs.fa,36_1,0.020000000000000018,average,ANImf,36
chicken1_D4_maxbin.020.fasta.contigs.fa,36_1,0.020000000000000018,average,ANImf,36
chicken1_D7_maxbin.016.fasta.contigs.fa,36_1,0.020000000000000018,average,ANImf,36
chicken1_D8_maxbin.029.fasta.contigs.fa,36_1,0.020000000000000018,average,ANImf,36
chicken1_D9_maxbin.039.fasta.contigs.fa,36_1,0.020000000000000018,average,ANImf,36
chicken1_D37_maxbin.027.fasta.contigs.fa,37_0,0.020000000000000018,average,ANImf,37
chicken1_D43_maxbin.025.fasta.contigs.fa,38_0,0.020000000000000018,average,ANImf,38
chicken1_C-5_maxbin.029.fasta.contigs.fa,39_1,0.020000000000000018,average,ANImf,39
chicken1_D31_maxbin.044.fasta.contigs.fa,39_1,0.020000000000000018,average,ANImf,39
chicken1_D40_maxbin.040.fasta.contigs.fa,39_1,0.020000000000000018,average,ANImf,39
chicken1_C-1_maxbin.004.fasta.contigs.fa,40_1,0.020000000000000018,average,ANImf,40
chicken1_D10_maxbin.013.fasta.contigs.fa,40_1,0.020000000000000018,average,ANImf,40
chicken1_D13_maxbin.007.fasta.contigs.fa,40_1,0.020000000000000018,average,ANImf,40
chicken1_D15_maxbin.021.fasta_sub.contigs.fa,40_1,0.020000000000000018,average,ANImf,40
chicken1_D17_maxbin.024.fasta.contigs.fa,40_1,0.020000000000000018,average,ANImf,40
chicken1_D19_maxbin.008.fasta.contigs.fa,40_1,0.020000000000000018,average,ANImf,40
chicken1_D1_maxbin.012.fasta.contigs.fa,40_1,0.020000000000000018,average,ANImf,40
chicken1_D20_maxbin.012.fasta.contigs.fa,40_1,0.020000000000000018,average,ANImf,40
chicken1_D27_maxbin.020.fasta.contigs.fa,40_1,0.020000000000000018,average,ANImf,40
chicken1_D2_maxbin.009.fasta.contigs.fa,40_1,0.020000000000000018,average,ANImf,40
chicken1_D4_maxbin.013.fasta.contigs.fa,40_1,0.020000000000000018,average,ANImf,40
chicken1_D5_maxbin.036.fasta.contigs.fa,40_1,0.020000000000000018,average,ANImf,40
chicken1_D6_maxbin.025.fasta.contigs.fa,40_1,0.020000000000000018,average,ANImf,40
chicken1_D7_maxbin.022.fasta.contigs.fa,40_1,0.020000000000000018,average,ANImf,40
chicken1_D8_maxbin.005.fasta.contigs.fa,40_1,0.020000000000000018,average,ANImf,40
chicken1_C-4_maxbin.009.fasta.contigs.fa,40_2,0.020000000000000018,average,ANImf,40
chicken1_C-5_maxbin.011.fasta.contigs.fa,40_2,0.020000000000000018,average,ANImf,40
chicken1_D28_maxbin.007.fasta.contigs.fa,40_2,0.020000000000000018,average,ANImf,40
chicken1_D34_maxbin.026.fasta.contigs.fa,40_2,0.020000000000000018,average,ANImf,40
chicken1_D37_maxbin.020.fasta.contigs.fa,40_2,0.020000000000000018,average,ANImf,40
chicken1_D41_maxbin.011.fasta.contigs.fa,40_2,0.020000000000000018,average,ANImf,40
chicken1_D43_maxbin.062.fasta.contigs.fa,40_3,0.020000000000000018,average,ANImf,40
chicken1_D28_maxbin.018.fasta.contigs.fa,41_0,0.020000000000000018,average,ANImf,41
chicken1_D20_maxbin.044.fasta.contigs.fa,42_1,0.020000000000000018,average,ANImf,42
chicken1_D24_maxbin.045.fasta.contigs.fa,42_1,0.020000000000000018,average,ANImf,42
chicken1_D27_maxbin.037.fasta.contigs.fa,42_1,0.020000000000000018,average,ANImf,42
chicken1_D31_maxbin.036.fasta.contigs.fa,42_1,0.020000000000000018,average,ANImf,42
chicken1_D40_maxbin.046.fasta.contigs.fa,42_1,0.020000000000000018,average,ANImf,42
chicken1_D4_maxbin.031.fasta.contigs.fa,43_0,0.020000000000000018,average,ANImf,43
chicken1_D29_maxbin.033.fasta.contigs.fa,44_1,0.020000000000000018,average,ANImf,44
chicken1_D8_maxbin.034.fasta.contigs.fa,44_1,0.020000000000000018,average,ANImf,44
chicken1_D9_maxbin.035.fasta.contigs.fa,44_1,0.020000000000000018,average,ANImf,44
chicken1_D41_maxbin.038.fasta.contigs.fa,44_2,0.020000000000000018,average,ANImf,44
chicken1_D23_maxbin.022.fasta.contigs.fa,45_0,0.020000000000000018,average,ANImf,45
chicken1_D13_maxbin.036.fasta_sub.contigs.fa,46_1,0.020000000000000018,average,ANImf,46
chicken1_D9_maxbin.034.fasta.contigs.fa,46_1,0.020000000000000018,average,ANImf,46
chicken1_D15_maxbin.040.fasta.contigs.fa,47_0,0.020000000000000018,average,ANImf,47
chicken1_D43_maxbin.047.fasta.contigs.fa,48_0,0.020000000000000018,average,ANImf,48
chicken1_D15_maxbin.028.fasta.contigs.fa,49_1,0.020000000000000018,average,ANImf,49
chicken1_D22_maxbin.025.fasta.contigs.fa,49_1,0.020000000000000018,average,ANImf,49
chicken1_D35_metabat2.107.fa.contigs.fa,49_1,0.020000000000000018,average,ANImf,49
chicken1_D23_maxbin.029.fasta.contigs.fa,50_0,0.020000000000000018,average,ANImf,50
chicken1_D11_metabat2.60.fa.contigs.fa,51_1,0.020000000000000018,average,ANImf,51
chicken1_D15_metabat2.92.fa.contigs.fa,51_1,0.020000000000000018,average,ANImf,51
chicken1_D27_maxbin.036.fasta.contigs.fa,51_1,0.020000000000000018,average,ANImf,51
chicken1_D31_maxbin.046.fasta.contigs.fa,51_1,0.020000000000000018,average,ANImf,51
chicken1_C-4_maxbin.007.fasta.contigs.fa,52_1,0.020000000000000018,average,ANImf,52
chicken1_D11_maxbin.032.fasta.contigs.fa,52_1,0.020000000000000018,average,ANImf,52
chicken1_D20_maxbin.024.fasta.contigs.fa,52_1,0.020000000000000018,average,ANImf,52
chicken1_D24_maxbin.008.fasta_sub.contigs.fa,52_1,0.020000000000000018,average,ANImf,52
chicken1_D27_maxbin.008.fasta.contigs.fa,52_1,0.020000000000000018,average,ANImf,52
chicken1_D2_maxbin.023.fasta.contigs.fa,52_1,0.020000000000000018,average,ANImf,52
chicken1_D31_maxbin.018.fasta.contigs.fa,52_1,0.020000000000000018,average,ANImf,52
chicken1_D35_maxbin.035.fasta.contigs.fa,52_1,0.020000000000000018,average,ANImf,52
chicken1_D40_maxbin.012.fasta.contigs.fa,52_1,0.020000000000000018,average,ANImf,52
chicken1_D8_maxbin.015.fasta.contigs.fa,52_1,0.020000000000000018,average,ANImf,52
chicken1_D9_maxbin.014.fasta.contigs.fa,52_1,0.020000000000000018,average,ANImf,52
chicken1_C-5_maxbin.025.fasta.contigs.fa,53_1,0.020000000000000018,average,ANImf,53
chicken1_D11_maxbin.011.fasta.contigs.fa,53_1,0.020000000000000018,average,ANImf,53
chicken1_D12_maxbin.016.fasta.contigs.fa,53_1,0.020000000000000018,average,ANImf,53
chicken1_D13_maxbin.028.fasta.contigs.fa,53_1,0.020000000000000018,average,ANImf,53
chicken1_D20_maxbin.022.fasta_sub.contigs.fa,53_1,0.020000000000000018,average,ANImf,53
chicken1_D21_maxbin.006.fasta_sub.contigs.fa,53_1,0.020000000000000018,average,ANImf,53
chicken1_D22_maxbin.022.fasta.contigs.fa,53_1,0.020000000000000018,average,ANImf,53
chicken1_D23_maxbin.021.fasta.contigs.fa,53_1,0.020000000000000018,average,ANImf,53
chicken1_D24_maxbin.020.fasta.contigs.fa,53_1,0.020000000000000018,average,ANImf,53
chicken1_D27_maxbin.023.fasta.contigs.fa,53_1,0.020000000000000018,average,ANImf,53
chicken1_D28_maxbin.023.fasta.contigs.fa,53_1,0.020000000000000018,average,ANImf,53
chicken1_D30_maxbin.024.fasta.contigs.fa,53_1,0.020000000000000018,average,ANImf,53
chicken1_D31_maxbin.026.fasta.contigs.fa,53_1,0.020000000000000018,average,ANImf,53
chicken1_D34_maxbin.018.fasta.contigs.fa,53_1,0.020000000000000018,average,ANImf,53
chicken1_D36_maxbin.032.fasta.contigs.fa,53_1,0.020000000000000018,average,ANImf,53
chicken1_D41_maxbin.032.fasta.contigs.fa,53_1,0.020000000000000018,average,ANImf,53
chicken1_D4_maxbin.023.fasta.contigs.fa,53_1,0.020000000000000018,average,ANImf,53
chicken1_D5_maxbin.030.fasta.contigs.fa,53_1,0.020000000000000018,average,ANImf,53
chicken1_D8_maxbin.025.fasta.contigs.fa,53_1,0.020000000000000018,average,ANImf,53
chicken1_D9_maxbin.015.fasta.contigs.fa,53_1,0.020000000000000018,average,ANImf,53
chicken1_D21_maxbin.027.fasta.contigs.fa,54_0,0.020000000000000018,average,ANImf,54
chicken1_D28_maxbin.041.fasta.contigs.fa,55_0,0.020000000000000018,average,ANImf,55
chicken1_C-5_maxbin.010.fasta.contigs.fa,56_1,0.020000000000000018,average,ANImf,56
chicken1_D22_maxbin.015.fasta.contigs.fa,56_1,0.020000000000000018,average,ANImf,56
chicken1_D23_maxbin.007.fasta.contigs.fa,56_1,0.020000000000000018,average,ANImf,56
chicken1_D30_maxbin.007.fasta.contigs.fa,56_1,0.020000000000000018,average,ANImf,56
chicken1_D41_maxbin.017.fasta.contigs.fa,56_1,0.020000000000000018,average,ANImf,56
chicken1_D28_maxbin.015.fasta.contigs.fa,57_1,0.020000000000000018,average,ANImf,57
chicken1_D2_maxbin.021.fasta.contigs.fa,57_1,0.020000000000000018,average,ANImf,57
chicken1_D5_maxbin.020.fasta.contigs.fa,57_1,0.020000000000000018,average,ANImf,57
chicken1_D7_maxbin.014.fasta.contigs.fa,57_1,0.020000000000000018,average,ANImf,57
chicken1_C-5_maxbin.015.fasta.contigs.fa,58_1,0.020000000000000018,average,ANImf,58
chicken1_D16_metabat2.39.fa_sub.contigs.fa,58_1,0.020000000000000018,average,ANImf,58
chicken1_D23_maxbin.013.fasta.contigs.fa,58_1,0.020000000000000018,average,ANImf,58
chicken1_C-1_maxbin.005.fasta.contigs.fa,59_1,0.020000000000000018,average,ANImf,59
chicken1_C-4_maxbin.004.fasta.contigs.fa,59_1,0.020000000000000018,average,ANImf,59
chicken1_D10_maxbin.010.fasta.contigs.fa,59_1,0.020000000000000018,average,ANImf,59
chicken1_D11_maxbin.036.fasta_sub.contigs.fa,59_1,0.020000000000000018,average,ANImf,59
chicken1_D12_maxbin.008.fasta_sub.contigs.fa,59_1,0.020000000000000018,average,ANImf,59
chicken1_D13_maxbin.005.fasta.contigs.fa,59_1,0.020000000000000018,average,ANImf,59
chicken1_D17_maxbin.029.fasta.contigs.fa,59_1,0.020000000000000018,average,ANImf,59
chicken1_D19_maxbin.006.fasta.contigs.fa,59_1,0.020000000000000018,average,ANImf,59
chicken1_D1_maxbin.013.fasta.contigs.fa,59_1,0.020000000000000018,average,ANImf,59
chicken1_D20_maxbin.007.fasta.contigs.fa,59_1,0.020000000000000018,average,ANImf,59
chicken1_D24_maxbin.017.fasta.contigs.fa,59_1,0.020000000000000018,average,ANImf,59
chicken1_D27_maxbin.007.fasta.contigs.fa,59_1,0.020000000000000018,average,ANImf,59
chicken1_D29_maxbin.017.fasta.contigs.fa,59_1,0.020000000000000018,average,ANImf,59
chicken1_D31_maxbin.017.fasta.contigs.fa,59_1,0.020000000000000018,average,ANImf,59
chicken1_D34_maxbin.019.fasta.contigs.fa,59_1,0.020000000000000018,average,ANImf,59
chicken1_D35_maxbin.013.fasta.contigs.fa,59_1,0.020000000000000018,average,ANImf,59
chicken1_D37_maxbin.012.fasta.contigs.fa,59_1,0.020000000000000018,average,ANImf,59
chicken1_D40_maxbin.007.fasta.contigs.fa,59_1,0.020000000000000018,average,ANImf,59
chicken1_D42_metabat2.69.fa.contigs.fa,59_1,0.020000000000000018,average,ANImf,59
chicken1_D5_maxbin.032.fasta.contigs.fa,59_1,0.020000000000000018,average,ANImf,59
chicken1_D27_maxbin.029.fasta.contigs.fa,60_1,0.020000000000000018,average,ANImf,60
chicken1_D31_maxbin.039.fasta.contigs.fa,60_1,0.020000000000000018,average,ANImf,60
chicken1_D40_maxbin.047.fasta.contigs.fa,60_1,0.020000000000000018,average,ANImf,60
chicken1_C-5_maxbin.030.fasta.contigs.fa,61_1,0.020000000000000018,average,ANImf,61
chicken1_D30_maxbin.026.fasta.contigs.fa,61_1,0.020000000000000018,average,ANImf,61
chicken1_D22_maxbin.030.fasta.contigs.fa,62_1,0.020000000000000018,average,ANImf,62
chicken1_D27_maxbin.035.fasta.contigs.fa,62_1,0.020000000000000018,average,ANImf,62
chicken1_D42_maxbin.028.fasta_sub.contigs.fa,62_1,0.020000000000000018,average,ANImf,62
chicken1_D43_maxbin.046.fasta.contigs.fa,63_0,0.020000000000000018,average,ANImf,63
chicken1_C-5_maxbin.022.fasta.contigs.fa,64_1,0.020000000000000018,average,ANImf,64
chicken1_D10_maxbin.038.fasta.contigs.fa,64_1,0.020000000000000018,average,ANImf,64
chicken1_D15_maxbin.011.fasta.contigs.fa,64_1,0.020000000000000018,average,ANImf,64
chicken1_D16_maxbin.013.fasta.contigs.fa,64_1,0.020000000000000018,average,ANImf,64
chicken1_D22_maxbin.007.fasta.contigs.fa,64_1,0.020000000000000018,average,ANImf,64
chicken1_D23_maxbin.010.fasta.contigs.fa,64_1,0.020000000000000018,average,ANImf,64
chicken1_D30_maxbin.021.fasta_sub.contigs.fa,64_1,0.020000000000000018,average,ANImf,64
chicken1_D34_maxbin.028.fasta.contigs.fa,64_1,0.020000000000000018,average,ANImf,64
chicken1_D7_maxbin.032.fasta.contigs.fa,64_1,0.020000000000000018,average,ANImf,64
chicken1_D9_maxbin.027.fasta_sub.contigs.fa,64_1,0.020000000000000018,average,ANImf,64
chicken1_D43_maxbin.018.fasta.contigs.fa,65_0,0.020000000000000018,average,ANImf,65
chicken1_C-1_maxbin.037.fasta.contigs.fa,66_1,0.020000000000000018,average,ANImf,66
chicken1_C-6_maxbin.009.fasta.contigs.fa,66_1,0.020000000000000018,average,ANImf,66
chicken1_D11_maxbin.023.fasta.contigs.fa,66_1,0.020000000000000018,average,ANImf,66
chicken1_D12_maxbin.021.fasta.contigs.fa,66_1,0.020000000000000018,average,ANImf,66
chicken1_D17_maxbin.046.fasta.contigs.fa,66_1,0.020000000000000018,average,ANImf,66
chicken1_D18_maxbin.002.fasta.contigs.fa,66_1,0.020000000000000018,average,ANImf,66
chicken1_D20_maxbin.030.fasta.contigs.fa,66_1,0.020000000000000018,average,ANImf,66
chicken1_D21_maxbin.019.fasta.contigs.fa,66_1,0.020000000000000018,average,ANImf,66
chicken1_D25_maxbin.004.fasta.contigs.fa,66_1,0.020000000000000018,average,ANImf,66
chicken1_D26_maxbin.004.fasta.contigs.fa,66_1,0.020000000000000018,average,ANImf,66
chicken1_D27_maxbin.064.fasta.contigs.fa,66_1,0.020000000000000018,average,ANImf,66
chicken1_D28_maxbin.040.fasta.contigs.fa,66_1,0.020000000000000018,average,ANImf,66
chicken1_D31_maxbin.015.fasta.contigs.fa,66_1,0.020000000000000018,average,ANImf,66
chicken1_D34_maxbin.025.fasta.contigs.fa,66_1,0.020000000000000018,average,ANImf,66
chicken1_D35_maxbin.015.fasta.contigs.fa,66_1,0.020000000000000018,average,ANImf,66
chicken1_D36_maxbin.015.fasta.contigs.fa,66_1,0.020000000000000018,average,ANImf,66
chicken1_D37_maxbin.015.fasta.contigs.fa,66_1,0.020000000000000018,average,ANImf,66
chicken1_D39_maxbin.005.fasta.contigs.fa,66_1,0.020000000000000018,average,ANImf,66
chicken1_D3_maxbin.002.fasta.contigs.fa,66_1,0.020000000000000018,average,ANImf,66
chicken1_D40_maxbin.019.fasta.contigs.fa,66_1,0.020000000000000018,average,ANImf,66
chicken1_D16_maxbin.023.fasta.contigs.fa,66_2,0.020000000000000018,average,ANImf,66
chicken1_D30_maxbin.029.fasta.contigs.fa,66_2,0.020000000000000018,average,ANImf,66
chicken1_D41_maxbin.054.fasta.contigs.fa,66_2,0.020000000000000018,average,ANImf,66
chicken1_C-2_maxbin.011.fasta.contigs.fa,67_1,0.020000000000000018,average,ANImf,67
chicken1_C-5_maxbin.020.fasta.contigs.fa,67_1,0.020000000000000018,average,ANImf,67
chicken1_D15_maxbin.038.fasta.contigs.fa,67_1,0.020000000000000018,average,ANImf,67
chicken1_D16_maxbin.014.fasta.contigs.fa,67_1,0.020000000000000018,average,ANImf,67
chicken1_D1_maxbin.031.fasta.contigs.fa,67_1,0.020000000000000018,average,ANImf,67
chicken1_D28_maxbin.010.fasta.contigs.fa,67_1,0.020000000000000018,average,ANImf,67
chicken1_D29_maxbin.005.fasta.contigs.fa,67_1,0.020000000000000018,average,ANImf,67
chicken1_D30_maxbin.001.fasta.contigs.fa,67_1,0.020000000000000018,average,ANImf,67
chicken1_D31_maxbin.016.fasta.contigs.fa,67_1,0.020000000000000018,average,ANImf,67
chicken1_D32_maxbin.005.fasta.contigs.fa,67_1,0.020000000000000018,average,ANImf,67
chicken1_D33_maxbin.005.fasta.contigs.fa,67_1,0.020000000000000018,average,ANImf,67
chicken1_D34_maxbin.013.fasta.contigs.fa,67_1,0.020000000000000018,average,ANImf,67
chicken1_D38_maxbin.006.fasta.contigs.fa,67_1,0.020000000000000018,average,ANImf,67
chicken1_D39_maxbin.006.fasta.contigs.fa,67_1,0.020000000000000018,average,ANImf,67
chicken1_D3_maxbin.005.fasta.contigs.fa,67_1,0.020000000000000018,average,ANImf,67
chicken1_D41_maxbin.001.fasta.contigs.fa,67_1,0.020000000000000018,average,ANImf,67
chicken1_D42_maxbin.008.fasta.contigs.fa,67_1,0.020000000000000018,average,ANImf,67
chicken1_D43_maxbin.029.fasta.contigs.fa,67_1,0.020000000000000018,average,ANImf,67
chicken1_D6_maxbin.034.fasta.contigs.fa,67_1,0.020000000000000018,average,ANImf,67
chicken1_D11_maxbin.026.fasta.contigs.fa,68_1,0.020000000000000018,average,ANImf,68
chicken1_D16_maxbin.018.fasta.contigs.fa,68_1,0.020000000000000018,average,ANImf,68
chicken1_D17_maxbin.043.fasta.contigs.fa,68_1,0.020000000000000018,average,ANImf,68
chicken1_D18_maxbin.005.fasta.contigs.fa,68_1,0.020000000000000018,average,ANImf,68
chicken1_D20_maxbin.042.fasta.contigs.fa,68_1,0.020000000000000018,average,ANImf,68
chicken1_D23_maxbin.032.fasta.contigs.fa,68_1,0.020000000000000018,average,ANImf,68
chicken1_D3_maxbin.010.fasta.contigs.fa,68_1,0.020000000000000018,average,ANImf,68
chicken1_D15_maxbin.023.fasta.contigs.fa,69_1,0.020000000000000018,average,ANImf,69
chicken1_D16_maxbin.004.fasta.contigs.fa,69_1,0.020000000000000018,average,ANImf,69
chicken1_D1_maxbin.026.fasta.contigs.fa,69_1,0.020000000000000018,average,ANImf,69
chicken1_D21_maxbin.013.fasta.contigs.fa,69_1,0.020000000000000018,average,ANImf,69
chicken1_D23_maxbin.020.fasta.contigs.fa,69_1,0.020000000000000018,average,ANImf,69
chicken1_D5_maxbin.024.fasta.contigs.fa,69_1,0.020000000000000018,average,ANImf,69
chicken1_D6_maxbin.030.fasta.contigs.fa,69_1,0.020000000000000018,average,ANImf,69
chicken1_D3_maxbin.007.fasta.contigs.fa,70_0,0.020000000000000018,average,ANImf,70
chicken1_C-2_maxbin.003.fasta.contigs.fa,71_1,0.020000000000000018,average,ANImf,71
chicken1_C-3_maxbin.003.fasta.contigs.fa,71_1,0.020000000000000018,average,ANImf,71
chicken1_D32_maxbin.004.fasta.contigs.fa,71_1,0.020000000000000018,average,ANImf,71
chicken1_D33_maxbin.002.fasta.contigs.fa,71_1,0.020000000000000018,average,ANImf,71
chicken1_D38_maxbin.001.fasta.contigs.fa,71_1,0.020000000000000018,average,ANImf,71
chicken1_D39_maxbin.002.fasta.contigs.fa,71_1,0.020000000000000018,average,ANImf,71
chicken1_D43_maxbin.022.fasta.contigs.fa,71_1,0.020000000000000018,average,ANImf,71
chicken1_D43_maxbin.048.fasta.contigs.fa,72_0,0.020000000000000018,average,ANImf,72
chicken1_D43_maxbin.032.fasta.contigs.fa,73_0,0.020000000000000018,average,ANImf,73
chicken1_D23_maxbin.033.fasta.contigs.fa,74_0,0.020000000000000018,average,ANImf,74
chicken1_C-2_maxbin.012.fasta.contigs.fa,75_1,0.020000000000000018,average,ANImf,75
chicken1_C-6_maxbin.008.fasta.contigs.fa,75_1,0.020000000000000018,average,ANImf,75
chicken1_D22_metabat2.109.fa.contigs.fa,75_1,0.020000000000000018,average,ANImf,75
chicken1_D23_maxbin.034.fasta.contigs.fa,75_1,0.020000000000000018,average,ANImf,75
chicken1_D26_maxbin.009.fasta.contigs.fa,75_1,0.020000000000000018,average,ANImf,75
chicken1_D43_maxbin.033.fasta.contigs.fa,76_0,0.020000000000000018,average,ANImf,76
chicken1_C-1_maxbin.009.fasta.contigs.fa,77_1,0.020000000000000018,average,ANImf,77
chicken1_C-2_maxbin.009.fasta.contigs.fa,77_1,0.020000000000000018,average,ANImf,77
chicken1_C-3_maxbin.010.fasta.contigs.fa,77_1,0.020000000000000018,average,ANImf,77
chicken1_C-4_maxbin.012.fasta.contigs.fa,77_1,0.020000000000000018,average,ANImf,77
chicken1_C-5_maxbin.008.fasta.contigs.fa,77_1,0.020000000000000018,average,ANImf,77
chicken1_C-6_maxbin.003.fasta.contigs.fa,77_1,0.020000000000000018,average,ANImf,77
chicken1_D10_maxbin.011.fasta.contigs.fa,77_1,0.020000000000000018,average,ANImf,77
chicken1_D11_maxbin.003.fasta.contigs.fa,77_1,0.020000000000000018,average,ANImf,77
chicken1_D12_maxbin.002.fasta.contigs.fa,77_1,0.020000000000000018,average,ANImf,77
chicken1_D13_maxbin.014.fasta.contigs.fa,77_1,0.020000000000000018,average,ANImf,77
chicken1_D17_maxbin.011.fasta.contigs.fa,77_1,0.020000000000000018,average,ANImf,77
chicken1_D18_maxbin.004.fasta.contigs.fa,77_1,0.020000000000000018,average,ANImf,77
chicken1_D19_maxbin.012.fasta.contigs.fa,77_1,0.020000000000000018,average,ANImf,77
chicken1_D1_maxbin.021.fasta.contigs.fa,77_1,0.020000000000000018,average,ANImf,77
chicken1_D20_maxbin.008.fasta.contigs.fa,77_1,0.020000000000000018,average,ANImf,77
chicken1_D22_maxbin.021.fasta.contigs.fa,77_1,0.020000000000000018,average,ANImf,77
chicken1_D24_maxbin.019.fasta.contigs.fa,77_1,0.020000000000000018,average,ANImf,77
chicken1_D25_maxbin.003.fasta.contigs.fa,77_1,0.020000000000000018,average,ANImf,77
chicken1_D26_maxbin.003.fasta.contigs.fa,77_1,0.020000000000000018,average,ANImf,77
chicken1_D27_maxbin.025.fasta.contigs.fa,77_1,0.020000000000000018,average,ANImf,77
chicken1_D28_maxbin.013.fasta.contigs.fa,77_1,0.020000000000000018,average,ANImf,77
chicken1_D29_maxbin.022.fasta.contigs.fa,77_1,0.020000000000000018,average,ANImf,77
chicken1_D2_maxbin.015.fasta.contigs.fa,77_1,0.020000000000000018,average,ANImf,77
chicken1_D31_maxbin.008.fasta.contigs.fa,77_1,0.020000000000000018,average,ANImf,77
chicken1_D32_maxbin.009.fasta.contigs.fa,77_1,0.020000000000000018,average,ANImf,77
chicken1_D33_maxbin.008.fasta.contigs.fa,77_1,0.020000000000000018,average,ANImf,77
chicken1_D34_maxbin.005.fasta.contigs.fa,77_1,0.020000000000000018,average,ANImf,77
chicken1_D35_maxbin.011.fasta.contigs.fa,77_1,0.020000000000000018,average,ANImf,77
chicken1_D36_maxbin.014.fasta.contigs.fa,77_1,0.020000000000000018,average,ANImf,77
chicken1_D37_maxbin.011.fasta.contigs.fa,77_1,0.020000000000000018,average,ANImf,77
chicken1_D38_maxbin.009.fasta.contigs.fa,77_1,0.020000000000000018,average,ANImf,77
chicken1_D39_maxbin.012.fasta.contigs.fa,77_1,0.020000000000000018,average,ANImf,77
chicken1_D3_maxbin.004.fasta.contigs.fa,77_1,0.020000000000000018,average,ANImf,77
chicken1_D40_maxbin.010.fasta.contigs.fa,77_1,0.020000000000000018,average,ANImf,77
chicken1_D41_maxbin.006.fasta.contigs.fa,77_1,0.020000000000000018,average,ANImf,77
chicken1_D42_maxbin.015.fasta.contigs.fa,77_1,0.020000000000000018,average,ANImf,77
chicken1_D4_maxbin.011.fasta.contigs.fa,77_1,0.020000000000000018,average,ANImf,77
chicken1_D5_maxbin.010.fasta.contigs.fa,77_1,0.020000000000000018,average,ANImf,77
chicken1_D6_maxbin.006.fasta.contigs.fa,77_1,0.020000000000000018,average,ANImf,77
chicken1_D7_maxbin.008.fasta.contigs.fa,77_1,0.020000000000000018,average,ANImf,77
chicken1_D8_maxbin.008.fasta.contigs.fa,77_1,0.020000000000000018,average,ANImf,77
chicken1_D9_maxbin.010.fasta.contigs.fa,77_1,0.020000000000000018,average,ANImf,77
chicken1_C-1_maxbin.019.fasta.contigs.fa,78_1,0.020000000000000018,average,ANImf,78
chicken1_D10_maxbin.020.fasta.contigs.fa,78_1,0.020000000000000018,average,ANImf,78
chicken1_D17_maxbin.027.fasta.contigs.fa,78_1,0.020000000000000018,average,ANImf,78
chicken1_D19_maxbin.019.fasta.contigs.fa,78_1,0.020000000000000018,average,ANImf,78
chicken1_D29_maxbin.018.fasta.contigs.fa,78_1,0.020000000000000018,average,ANImf,78
chicken1_D2_maxbin.027.fasta.contigs.fa,78_1,0.020000000000000018,average,ANImf,78
chicken1_D34_maxbin.014.fasta.contigs.fa,78_1,0.020000000000000018,average,ANImf,78
chicken1_D4_maxbin.022.fasta.contigs.fa,78_1,0.020000000000000018,average,ANImf,78
chicken1_D5_maxbin.034.fasta.contigs.fa,78_1,0.020000000000000018,average,ANImf,78
chicken1_D6_maxbin.018.fasta.contigs.fa,78_1,0.020000000000000018,average,ANImf,78
chicken1_D7_maxbin.006.fasta.contigs.fa,78_1,0.020000000000000018,average,ANImf,78
chicken1_D8_maxbin.010.fasta.contigs.fa,78_1,0.020000000000000018,average,ANImf,78
chicken1_D43_maxbin.021.fasta.contigs.fa,79_0,0.020000000000000018,average,ANImf,79
chicken1_C-4_maxbin.021.fasta.contigs.fa,80_1,0.020000000000000018,average,ANImf,80
chicken1_C-5_maxbin.031.fasta.contigs.fa,80_1,0.020000000000000018,average,ANImf,80
chicken1_D10_maxbin.042.fasta_sub.contigs.fa,80_1,0.020000000000000018,average,ANImf,80
chicken1_D11_maxbin.021.fasta.contigs.fa,80_1,0.020000000000000018,average,ANImf,80
chicken1_D12_maxbin.022.fasta.contigs.fa,80_1,0.020000000000000018,average,ANImf,80
chicken1_D13_maxbin.030.fasta.contigs.fa,80_1,0.020000000000000018,average,ANImf,80
chicken1_D20_maxbin.028.fasta.contigs.fa,80_1,0.020000000000000018,average,ANImf,80
chicken1_D21_maxbin.020.fasta.contigs.fa,80_1,0.020000000000000018,average,ANImf,80
chicken1_D24_maxbin.034.fasta.contigs.fa,80_1,0.020000000000000018,average,ANImf,80
chicken1_D27_maxbin.028.fasta.contigs.fa,80_1,0.020000000000000018,average,ANImf,80
chicken1_D28_maxbin.025.fasta.contigs.fa,80_1,0.020000000000000018,average,ANImf,80
chicken1_D2_maxbin.038.fasta_sub.contigs.fa,80_1,0.020000000000000018,average,ANImf,80
chicken1_D31_maxbin.027.fasta.contigs.fa,80_1,0.020000000000000018,average,ANImf,80
chicken1_D34_maxbin.036.fasta.contigs.fa,80_1,0.020000000000000018,average,ANImf,80
chicken1_D35_maxbin.037.fasta_sub.contigs.fa,80_1,0.020000000000000018,average,ANImf,80
chicken1_D37_maxbin.036.fasta.contigs.fa,80_1,0.020000000000000018,average,ANImf,80
chicken1_D40_maxbin.033.fasta.contigs.fa,80_1,0.020000000000000018,average,ANImf,80
chicken1_D41_maxbin.030.fasta.contigs.fa,80_1,0.020000000000000018,average,ANImf,80
chicken1_D42_maxbin.033.fasta.contigs.fa,80_1,0.020000000000000018,average,ANImf,80
chicken1_D4_maxbin.024.fasta.contigs.fa,80_1,0.020000000000000018,average,ANImf,80
chicken1_D5_maxbin.038.fasta.contigs.fa,80_1,0.020000000000000018,average,ANImf,80
chicken1_D6_maxbin.054.fasta.contigs.fa,80_1,0.020000000000000018,average,ANImf,80
chicken1_D7_maxbin.061.fasta.contigs.fa,80_1,0.020000000000000018,average,ANImf,80
chicken1_D9_maxbin.037.fasta_sub.contigs.fa,80_1,0.020000000000000018,average,ANImf,80
chicken1_D43_maxbin.107.fasta.contigs.fa,81_0,0.020000000000000018,average,ANImf,81
chicken1_C-1_maxbin.003.fasta.contigs.fa,82_1,0.020000000000000018,average,ANImf,82
chicken1_C-2_maxbin.001.fasta.contigs.fa,82_1,0.020000000000000018,average,ANImf,82
chicken1_C-3_maxbin.001.fasta.contigs.fa,82_1,0.020000000000000018,average,ANImf,82
chicken1_C-4_maxbin.001.fasta.contigs.fa,82_1,0.020000000000000018,average,ANImf,82
chicken1_C-5_maxbin.014.fasta.contigs.fa,82_1,0.020000000000000018,average,ANImf,82
chicken1_C-6_maxbin.001.fasta.contigs.fa,82_1,0.020000000000000018,average,ANImf,82
chicken1_D10_maxbin.003.fasta.contigs.fa,82_1,0.020000000000000018,average,ANImf,82
chicken1_D11_maxbin.001.fasta.contigs.fa,82_1,0.020000000000000018,average,ANImf,82
chicken1_D12_maxbin.001.fasta.contigs.fa,82_1,0.020000000000000018,average,ANImf,82
chicken1_D13_maxbin.003.fasta.contigs.fa,82_1,0.020000000000000018,average,ANImf,82
chicken1_D14_maxbin.001.fasta.contigs.fa,82_1,0.020000000000000018,average,ANImf,82
chicken1_D16_maxbin.028.fasta.contigs.fa,82_1,0.020000000000000018,average,ANImf,82
chicken1_D17_maxbin.002.fasta.contigs.fa,82_1,0.020000000000000018,average,ANImf,82
chicken1_D18_maxbin.001.fasta.contigs.fa,82_1,0.020000000000000018,average,ANImf,82
chicken1_D19_maxbin.004.fasta.contigs.fa,82_1,0.020000000000000018,average,ANImf,82
chicken1_D1_maxbin.001.fasta.contigs.fa,82_1,0.020000000000000018,average,ANImf,82
chicken1_D20_maxbin.001.fasta.contigs.fa,82_1,0.020000000000000018,average,ANImf,82
chicken1_D21_maxbin.001.fasta.contigs.fa,82_1,0.020000000000000018,average,ANImf,82
chicken1_D24_maxbin.001.fasta.contigs.fa,82_1,0.020000000000000018,average,ANImf,82
chicken1_D25_maxbin.001.fasta.contigs.fa,82_1,0.020000000000000018,average,ANImf,82
chicken1_D26_maxbin.001.fasta.contigs.fa,82_1,0.020000000000000018,average,ANImf,82
chicken1_D27_maxbin.001.fasta.contigs.fa,82_1,0.020000000000000018,average,ANImf,82
chicken1_D28_maxbin.001.fasta.contigs.fa,82_1,0.020000000000000018,average,ANImf,82
chicken1_D29_maxbin.031.fasta.contigs.fa,82_1,0.020000000000000018,average,ANImf,82
chicken1_D2_maxbin.004.fasta.contigs.fa,82_1,0.020000000000000018,average,ANImf,82
chicken1_D31_maxbin.005.fasta.contigs.fa,82_1,0.020000000000000018,average,ANImf,82
chicken1_D32_maxbin.002.fasta.contigs.fa,82_1,0.020000000000000018,average,ANImf,82
chicken1_D33_maxbin.003.fasta.contigs.fa,82_1,0.020000000000000018,average,ANImf,82
chicken1_D34_maxbin.007.fasta.contigs.fa,82_1,0.020000000000000018,average,ANImf,82
chicken1_D35_maxbin.004.fasta.contigs.fa,82_1,0.020000000000000018,average,ANImf,82
chicken1_D36_maxbin.002.fasta.contigs.fa,82_1,0.020000000000000018,average,ANImf,82
chicken1_D37_maxbin.002.fasta.contigs.fa,82_1,0.020000000000000018,average,ANImf,82
chicken1_D38_maxbin.002.fasta.contigs.fa,82_1,0.020000000000000018,average,ANImf,82
chicken1_D3_maxbin.001.fasta.contigs.fa,82_1,0.020000000000000018,average,ANImf,82
chicken1_D40_maxbin.002.fasta.contigs.fa,82_1,0.020000000000000018,average,ANImf,82
chicken1_D41_maxbin.027.fasta.contigs.fa,82_1,0.020000000000000018,average,ANImf,82
chicken1_D42_maxbin.011.fasta.contigs.fa,82_1,0.020000000000000018,average,ANImf,82
chicken1_D4_maxbin.001.fasta.contigs.fa,82_1,0.020000000000000018,average,ANImf,82
chicken1_D5_maxbin.003.fasta.contigs.fa,82_1,0.020000000000000018,average,ANImf,82
chicken1_D6_maxbin.001.fasta.contigs.fa,82_1,0.020000000000000018,average,ANImf,82
chicken1_D7_maxbin.001.fasta.contigs.fa,82_1,0.020000000000000018,average,ANImf,82
chicken1_D8_maxbin.017.fasta.contigs.fa,82_1,0.020000000000000018,average,ANImf,82
chicken1_D9_maxbin.006.fasta.contigs.fa,82_1,0.020000000000000018,average,ANImf,82
chicken1_C-1_maxbin.014.fasta.contigs.fa,83_1,0.020000000000000018,average,ANImf,83
chicken1_C-2_maxbin.006.fasta.contigs.fa,83_1,0.020000000000000018,average,ANImf,83
chicken1_C-3_maxbin.008.fasta.contigs.fa,83_1,0.020000000000000018,average,ANImf,83
chicken1_C-4_maxbin.002.fasta.contigs.fa,83_1,0.020000000000000018,average,ANImf,83
chicken1_C-6_maxbin.004.fasta.contigs.fa,83_1,0.020000000000000018,average,ANImf,83
chicken1_D12_maxbin.006.fasta.contigs.fa,83_1,0.020000000000000018,average,ANImf,83
chicken1_D14_maxbin.003.fasta.contigs.fa,83_1,0.020000000000000018,average,ANImf,83
chicken1_D17_maxbin.003.fasta.contigs.fa,83_1,0.020000000000000018,average,ANImf,83
chicken1_D18_maxbin.007.fasta.contigs.fa,83_1,0.020000000000000018,average,ANImf,83
chicken1_D20_maxbin.003.fasta.contigs.fa,83_1,0.020000000000000018,average,ANImf,83
chicken1_D21_maxbin.002.fasta.contigs.fa,83_1,0.020000000000000018,average,ANImf,83
chicken1_D24_maxbin.002.fasta.contigs.fa,83_1,0.020000000000000018,average,ANImf,83
chicken1_D25_maxbin.005.fasta.contigs.fa,83_1,0.020000000000000018,average,ANImf,83
chicken1_D26_maxbin.006.fasta.contigs.fa,83_1,0.020000000000000018,average,ANImf,83
chicken1_D27_maxbin.002.fasta.contigs.fa,83_1,0.020000000000000018,average,ANImf,83
chicken1_D28_maxbin.003.fasta.contigs.fa,83_1,0.020000000000000018,average,ANImf,83
chicken1_D29_maxbin.059.fasta.contigs.fa,83_1,0.020000000000000018,average,ANImf,83
chicken1_D2_maxbin.041.fasta.contigs.fa,83_1,0.020000000000000018,average,ANImf,83
chicken1_D32_maxbin.001.fasta.contigs.fa,83_1,0.020000000000000018,average,ANImf,83
chicken1_D33_maxbin.001.fasta.contigs.fa,83_1,0.020000000000000018,average,ANImf,83
chicken1_D34_maxbin.001.fasta.contigs.fa,83_1,0.020000000000000018,average,ANImf,83
chicken1_D35_maxbin.007.fasta.contigs.fa,83_1,0.020000000000000018,average,ANImf,83
chicken1_D38_maxbin.010.fasta.contigs.fa,83_1,0.020000000000000018,average,ANImf,83
chicken1_D39_maxbin.011.fasta.contigs.fa,83_1,0.020000000000000018,average,ANImf,83
chicken1_D3_maxbin.006.fasta.contigs.fa,83_1,0.020000000000000018,average,ANImf,83
chicken1_D41_maxbin.049.fasta.contigs.fa,83_1,0.020000000000000018,average,ANImf,83
chicken1_D42_maxbin.001.fasta.contigs.fa,83_1,0.020000000000000018,average,ANImf,83
chicken1_D6_maxbin.039.fasta.contigs.fa,83_1,0.020000000000000018,average,ANImf,83
chicken1_D7_maxbin.015.fasta.contigs.fa,83_1,0.020000000000000018,average,ANImf,83
chicken1_D8_maxbin.030.fasta.contigs.fa,83_1,0.020000000000000018,average,ANImf,83
chicken1_D9_maxbin.055.fasta.contigs.fa,83_1,0.020000000000000018,average,ANImf,83
chicken1_D43_maxbin.153.fasta.contigs.fa,84_0,0.020000000000000018,average,ANImf,84
chicken1_D41_maxbin.026.fasta.contigs.fa,85_1,0.020000000000000018,average,ANImf,85
chicken1_D42_maxbin.026.fasta.contigs.fa,85_1,0.020000000000000018,average,ANImf,85
chicken1_D34_maxbin.038.fasta.contigs.fa,86_1,0.020000000000000018,average,ANImf,86
chicken1_D35_maxbin.036.fasta.contigs.fa,86_1,0.020000000000000018,average,ANImf,86
chicken1_D37_maxbin.043.fasta.contigs.fa,86_1,0.020000000000000018,average,ANImf,86
chicken1_D21_maxbin.023.fasta.contigs.fa,87_0,0.020000000000000018,average,ANImf,87
chicken1_C-1_maxbin.038.fasta.contigs.fa,88_1,0.020000000000000018,average,ANImf,88
chicken1_D10_maxbin.039.fasta.contigs.fa,88_1,0.020000000000000018,average,ANImf,88
chicken1_D11_maxbin.030.fasta.contigs.fa,88_1,0.020000000000000018,average,ANImf,88
chicken1_D13_maxbin.032.fasta.contigs.fa,88_1,0.020000000000000018,average,ANImf,88
chicken1_D20_maxbin.033.fasta.contigs.fa,88_1,0.020000000000000018,average,ANImf,88
chicken1_D24_maxbin.039.fasta.contigs.fa,88_1,0.020000000000000018,average,ANImf,88
chicken1_D27_maxbin.031.fasta.contigs.fa,88_1,0.020000000000000018,average,ANImf,88
chicken1_D29_maxbin.035.fasta.contigs.fa,88_1,0.020000000000000018,average,ANImf,88
chicken1_D2_maxbin.032.fasta.contigs.fa,88_1,0.020000000000000018,average,ANImf,88
chicken1_D30_maxbin.022.fasta.contigs.fa,88_1,0.020000000000000018,average,ANImf,88
chicken1_D31_maxbin.050.fasta.contigs.fa,88_1,0.020000000000000018,average,ANImf,88
chicken1_D34_maxbin.054.fasta.contigs.fa,88_1,0.020000000000000018,average,ANImf,88
chicken1_D4_maxbin.059.fasta.contigs.fa,88_1,0.020000000000000018,average,ANImf,88
chicken1_D5_maxbin.054.fasta.contigs.fa,88_1,0.020000000000000018,average,ANImf,88
chicken1_D6_maxbin.038.fasta.contigs.fa,88_1,0.020000000000000018,average,ANImf,88
chicken1_D7_maxbin.037.fasta.contigs.fa,88_1,0.020000000000000018,average,ANImf,88
chicken1_D8_maxbin.035.fasta.contigs.fa,88_1,0.020000000000000018,average,ANImf,88
chicken1_D9_maxbin.018.fasta.contigs.fa,88_1,0.020000000000000018,average,ANImf,88
chicken1_D22_maxbin.032.fasta.contigs.fa,89_0,0.020000000000000018,average,ANImf,89
chicken1_D43_maxbin.100.fasta.contigs.fa,90_0,0.020000000000000018,average,ANImf,90
chicken1_D14_maxbin.004.fasta.contigs.fa,91_1,0.020000000000000018,average,ANImf,91
chicken1_D21_maxbin.007.fasta.contigs.fa,91_1,0.020000000000000018,average,ANImf,91
chicken1_D28_maxbin.024.fasta.contigs.fa,91_1,0.020000000000000018,average,ANImf,91
chicken1_C-4_maxbin.032.fasta.contigs.fa,92_1,0.020000000000000018,average,ANImf,92
chicken1_D10_maxbin.029.fasta.contigs.fa,92_1,0.020000000000000018,average,ANImf,92
chicken1_D13_maxbin.034.fasta.contigs.fa,92_1,0.020000000000000018,average,ANImf,92
chicken1_D17_maxbin.026.fasta.contigs.fa,92_1,0.020000000000000018,average,ANImf,92
chicken1_D19_maxbin.021.fasta.contigs.fa,92_1,0.020000000000000018,average,ANImf,92
chicken1_D1_maxbin.011.fasta.contigs.fa,92_1,0.020000000000000018,average,ANImf,92
chicken1_D20_maxbin.023.fasta.contigs.fa,92_1,0.020000000000000018,average,ANImf,92
chicken1_D24_maxbin.023.fasta.contigs.fa,92_1,0.020000000000000018,average,ANImf,92
chicken1_D27_maxbin.027.fasta.contigs.fa,92_1,0.020000000000000018,average,ANImf,92
chicken1_D29_maxbin.042.fasta.contigs.fa,92_1,0.020000000000000018,average,ANImf,92
chicken1_D2_maxbin.026.fasta.contigs.fa,92_1,0.020000000000000018,average,ANImf,92
chicken1_D34_maxbin.033.fasta.contigs.fa,92_1,0.020000000000000018,average,ANImf,92
chicken1_D35_maxbin.033.fasta.contigs.fa,92_1,0.020000000000000018,average,ANImf,92
chicken1_D36_maxbin.030.fasta.contigs.fa,92_1,0.020000000000000018,average,ANImf,92
chicken1_D37_maxbin.037.fasta.contigs.fa,92_1,0.020000000000000018,average,ANImf,92
chicken1_D4_maxbin.027.fasta.contigs.fa,92_1,0.020000000000000018,average,ANImf,92
chicken1_D5_maxbin.033.fasta.contigs.fa,92_1,0.020000000000000018,average,ANImf,92
chicken1_D6_maxbin.015.fasta.contigs.fa,92_1,0.020000000000000018,average,ANImf,92
chicken1_D7_maxbin.012.fasta.contigs.fa,92_1,0.020000000000000018,average,ANImf,92
chicken1_C-2_maxbin.002.fasta.contigs.fa,93_1,0.020000000000000018,average,ANImf,93
chicken1_C-3_maxbin.004.fasta.contigs.fa,93_1,0.020000000000000018,average,ANImf,93
chicken1_D12_maxbin.009.fasta.contigs.fa,93_1,0.020000000000000018,average,ANImf,93
chicken1_D13_maxbin.026.fasta.contigs.fa,93_1,0.020000000000000018,average,ANImf,93
chicken1_D19_maxbin.043.fasta.contigs.fa,93_1,0.020000000000000018,average,ANImf,93
chicken1_D20_maxbin.018.fasta.contigs.fa,93_1,0.020000000000000018,average,ANImf,93
chicken1_D25_maxbin.009.fasta.contigs.fa,93_1,0.020000000000000018,average,ANImf,93
chicken1_D27_maxbin.005.fasta.contigs.fa,93_1,0.020000000000000018,average,ANImf,93
chicken1_D32_maxbin.006.fasta.contigs.fa,93_1,0.020000000000000018,average,ANImf,93
chicken1_D33_maxbin.004.fasta.contigs.fa,93_1,0.020000000000000018,average,ANImf,93
chicken1_D34_maxbin.024.fasta.contigs.fa,93_1,0.020000000000000018,average,ANImf,93
chicken1_D37_maxbin.006.fasta.contigs.fa,93_1,0.020000000000000018,average,ANImf,93
chicken1_D38_maxbin.003.fasta.contigs.fa,93_1,0.020000000000000018,average,ANImf,93
chicken1_D39_maxbin.004.fasta.contigs.fa,93_1,0.020000000000000018,average,ANImf,93
chicken1_C-1_maxbin.016.fasta.contigs.fa,94_1,0.020000000000000018,average,ANImf,94
chicken1_C-4_maxbin.015.fasta.contigs.fa,94_1,0.020000000000000018,average,ANImf,94
chicken1_D10_maxbin.016.fasta.contigs.fa,94_1,0.020000000000000018,average,ANImf,94
chicken1_D11_maxbin.014.fasta.contigs.fa,94_1,0.020000000000000018,average,ANImf,94
chicken1_D12_maxbin.023.fasta.contigs.fa,94_1,0.020000000000000018,average,ANImf,94
chicken1_D13_maxbin.011.fasta.contigs.fa,94_1,0.020000000000000018,average,ANImf,94
chicken1_D17_maxbin.012.fasta.contigs.fa,94_1,0.020000000000000018,average,ANImf,94
chicken1_D19_maxbin.014.fasta.contigs.fa,94_1,0.020000000000000018,average,ANImf,94
chicken1_D1_maxbin.022.fasta.contigs.fa,94_1,0.020000000000000018,average,ANImf,94
chicken1_D20_maxbin.005.fasta.contigs.fa,94_1,0.020000000000000018,average,ANImf,94
chicken1_D24_maxbin.016.fasta.contigs.fa,94_1,0.020000000000000018,average,ANImf,94
chicken1_D27_maxbin.009.fasta.contigs.fa,94_1,0.020000000000000018,average,ANImf,94
chicken1_D28_maxbin.006.fasta.contigs.fa,94_1,0.020000000000000018,average,ANImf,94
chicken1_D29_maxbin.020.fasta.contigs.fa,94_1,0.020000000000000018,average,ANImf,94
chicken1_D2_maxbin.017.fasta.contigs.fa,94_1,0.020000000000000018,average,ANImf,94
chicken1_D31_maxbin.012.fasta.contigs.fa,94_1,0.020000000000000018,average,ANImf,94
chicken1_D35_maxbin.016.fasta.contigs.fa,94_1,0.020000000000000018,average,ANImf,94
chicken1_D36_maxbin.013.fasta.contigs.fa,94_1,0.020000000000000018,average,ANImf,94
chicken1_D37_maxbin.023.fasta.contigs.fa,94_1,0.020000000000000018,average,ANImf,94
chicken1_D40_maxbin.022.fasta.contigs.fa,94_1,0.020000000000000018,average,ANImf,94
chicken1_D4_maxbin.008.fasta.contigs.fa,94_1,0.020000000000000018,average,ANImf,94
chicken1_D5_maxbin.011.fasta.contigs.fa,94_1,0.020000000000000018,average,ANImf,94
chicken1_D6_maxbin.009.fasta.contigs.fa,94_1,0.020000000000000018,average,ANImf,94
chicken1_D7_maxbin.009.fasta.contigs.fa,94_1,0.020000000000000018,average,ANImf,94
chicken1_D8_maxbin.014.fasta.contigs.fa,94_1,0.020000000000000018,average,ANImf,94
chicken1_D9_maxbin.019.fasta.contigs.fa,94_1,0.020000000000000018,average,ANImf,94
chicken1_D34_maxbin.008.fasta.contigs.fa,94_2,0.020000000000000018,average,ANImf,94
chicken1_D30_maxbin.025.fasta.contigs.fa,95_0,0.020000000000000018,average,ANImf,95
chicken1_D43_maxbin.057.fasta.contigs.fa,96_0,0.020000000000000018,average,ANImf,96
chicken1_C-1_maxbin.035.fasta.contigs.fa,97_1,0.020000000000000018,average,ANImf,97
chicken1_C-4_maxbin.025.fasta.contigs.fa,97_1,0.020000000000000018,average,ANImf,97
chicken1_C-5_maxbin.028.fasta.contigs.fa,97_1,0.020000000000000018,average,ANImf,97
chicken1_D10_maxbin.034.fasta.contigs.fa,97_1,0.020000000000000018,average,ANImf,97
chicken1_D11_maxbin.010.fasta.contigs.fa,97_1,0.020000000000000018,average,ANImf,97
chicken1_D12_maxbin.017.fasta.contigs.fa,97_1,0.020000000000000018,average,ANImf,97
chicken1_D13_maxbin.033.fasta.contigs.fa,97_1,0.020000000000000018,average,ANImf,97
chicken1_D15_maxbin.016.fasta.contigs.fa,97_1,0.020000000000000018,average,ANImf,97
chicken1_D16_maxbin.017.fasta.contigs.fa,97_1,0.020000000000000018,average,ANImf,97
chicken1_D17_maxbin.032.fasta.contigs.fa,97_1,0.020000000000000018,average,ANImf,97
chicken1_D19_maxbin.026.fasta.contigs.fa,97_1,0.020000000000000018,average,ANImf,97
chicken1_D20_maxbin.021.fasta.contigs.fa,97_1,0.020000000000000018,average,ANImf,97
chicken1_D22_maxbin.014.fasta.contigs.fa,97_1,0.020000000000000018,average,ANImf,97
chicken1_D23_maxbin.015.fasta.contigs.fa,97_1,0.020000000000000018,average,ANImf,97
chicken1_D24_maxbin.025.fasta.contigs.fa,97_1,0.020000000000000018,average,ANImf,97
chicken1_D27_maxbin.024.fasta.contigs.fa,97_1,0.020000000000000018,average,ANImf,97
chicken1_D29_maxbin.038.fasta.contigs.fa,97_1,0.020000000000000018,average,ANImf,97
chicken1_D2_maxbin.030.fasta.contigs.fa,97_1,0.020000000000000018,average,ANImf,97
chicken1_D30_maxbin.023.fasta_sub.contigs.fa,97_1,0.020000000000000018,average,ANImf,97
chicken1_D31_maxbin.021.fasta.contigs.fa,97_1,0.020000000000000018,average,ANImf,97
chicken1_D34_maxbin.023.fasta.contigs.fa,97_1,0.020000000000000018,average,ANImf,97
chicken1_D35_maxbin.022.fasta.contigs.fa,97_1,0.020000000000000018,average,ANImf,97
chicken1_D36_maxbin.027.fasta.contigs.fa,97_1,0.020000000000000018,average,ANImf,97
chicken1_D37_maxbin.025.fasta.contigs.fa,97_1,0.020000000000000018,average,ANImf,97
chicken1_D40_maxbin.016.fasta.contigs.fa,97_1,0.020000000000000018,average,ANImf,97
chicken1_D41_maxbin.029.fasta.contigs.fa,97_1,0.020000000000000018,average,ANImf,97
chicken1_D42_maxbin.059.fasta.contigs.fa,97_1,0.020000000000000018,average,ANImf,97
chicken1_D4_maxbin.026.fasta.contigs.fa,97_1,0.020000000000000018,average,ANImf,97
chicken1_D5_maxbin.035.fasta.contigs.fa,97_1,0.020000000000000018,average,ANImf,97
chicken1_D6_maxbin.026.fasta.contigs.fa,97_1,0.020000000000000018,average,ANImf,97
chicken1_D7_maxbin.021.fasta.contigs.fa,97_1,0.020000000000000018,average,ANImf,97
chicken1_D8_maxbin.024.fasta.contigs.fa,97_1,0.020000000000000018,average,ANImf,97
chicken1_D9_maxbin.022.fasta.contigs.fa,97_1,0.020000000000000018,average,ANImf,97
chicken1_C-1_maxbin.024.fasta.contigs.fa,98_1,0.020000000000000018,average,ANImf,98
chicken1_D10_maxbin.019.fasta.contigs.fa,98_1,0.020000000000000018,average,ANImf,98
chicken1_D11_maxbin.018.fasta.contigs.fa,98_1,0.020000000000000018,average,ANImf,98
chicken1_D13_maxbin.029.fasta.contigs.fa,98_1,0.020000000000000018,average,ANImf,98
chicken1_D17_maxbin.020.fasta.contigs.fa,98_1,0.020000000000000018,average,ANImf,98
chicken1_D20_maxbin.016.fasta.contigs.fa,98_1,0.020000000000000018,average,ANImf,98
chicken1_D2_maxbin.029.fasta.contigs.fa,98_1,0.020000000000000018,average,ANImf,98
chicken1_D34_maxbin.017.fasta.contigs.fa,98_1,0.020000000000000018,average,ANImf,98
chicken1_D35_maxbin.024.fasta.contigs.fa,98_1,0.020000000000000018,average,ANImf,98
chicken1_D6_maxbin.023.fasta.contigs.fa,98_1,0.020000000000000018,average,ANImf,98
chicken1_D8_metabat2.83.fa.contigs.fa,98_1,0.020000000000000018,average,ANImf,98
chicken1_D10_maxbin.037.fasta.contigs.fa,99_1,0.020000000000000018,average,ANImf,99
chicken1_D12_metabat2.53.fa.contigs.fa,99_1,0.020000000000000018,average,ANImf,99
chicken1_D29_maxbin.030.fasta.contigs.fa,99_1,0.020000000000000018,average,ANImf,99
chicken1_C-1_maxbin.015.fasta.contigs.fa,100_1,0.020000000000000018,average,ANImf,100
chicken1_D17_maxbin.022.fasta.contigs.fa,100_1,0.020000000000000018,average,ANImf,100
chicken1_D24_maxbin.022.fasta.contigs.fa,100_1,0.020000000000000018,average,ANImf,100
chicken1_D29_maxbin.014.fasta.contigs.fa,100_1,0.020000000000000018,average,ANImf,100
chicken1_D35_maxbin.018.fasta.contigs.fa,100_1,0.020000000000000018,average,ANImf,100
chicken1_D5_maxbin.021.fasta.contigs.fa,100_1,0.020000000000000018,average,ANImf,100
chicken1_D7_maxbin.010.fasta.contigs.fa,100_1,0.020000000000000018,average,ANImf,100
chicken1_C-5_maxbin.007.fasta.contigs.fa,101_1,0.020000000000000018,average,ANImf,101
chicken1_D16_maxbin.015.fasta.contigs.fa,101_1,0.020000000000000018,average,ANImf,101
chicken1_C-3_maxbin.007.fasta.contigs.fa,102_1,0.020000000000000018,average,ANImf,102
chicken1_C-5_maxbin.004.fasta.contigs.fa,102_1,0.020000000000000018,average,ANImf,102
chicken1_D21_maxbin.008.fasta.contigs.fa,102_1,0.020000000000000018,average,ANImf,102
chicken1_D28_maxbin.012.fasta.contigs.fa,102_1,0.020000000000000018,average,ANImf,102
chicken1_D39_maxbin.010.fasta.contigs.fa,102_1,0.020000000000000018,average,ANImf,102
chicken1_D23_maxbin.011.fasta.contigs.fa,103_1,0.020000000000000018,average,ANImf,103
chicken1_D2_maxbin.010.fasta.contigs.fa,103_1,0.020000000000000018,average,ANImf,103
chicken1_D42_maxbin.007.fasta.contigs.fa,103_1,0.020000000000000018,average,ANImf,103
chicken1_D4_metabat2.31.fa.contigs.fa,103_1,0.020000000000000018,average,ANImf,103
chicken1_D6_maxbin.004.fasta.contigs.fa,103_1,0.020000000000000018,average,ANImf,103
chicken1_D7_maxbin.007.fasta.contigs.fa,103_1,0.020000000000000018,average,ANImf,103
chicken1_D9_maxbin.005.fasta.contigs.fa,103_1,0.020000000000000018,average,ANImf,103
chicken1_D15_maxbin.007.fasta.contigs.fa,104_1,0.020000000000000018,average,ANImf,104
chicken1_D30_maxbin.008.fasta_sub.contigs.fa,104_1,0.020000000000000018,average,ANImf,104
chicken1_D24_maxbin.011.fasta.contigs.fa,105_1,0.020000000000000018,average,ANImf,105
chicken1_D35_maxbin.009.fasta.contigs.fa,105_1,0.020000000000000018,average,ANImf,105
chicken1_D28_maxbin.022.fasta.contigs.fa,105_2,0.020000000000000018,average,ANImf,105
chicken1_D42_maxbin.013.fasta.contigs.fa,105_3,0.020000000000000018,average,ANImf,105
chicken1_D20_maxbin.013.fasta.contigs.fa,106_0,0.020000000000000018,average,ANImf,106
chicken1_D43_maxbin.035.fasta.contigs.fa,107_0,0.020000000000000018,average,ANImf,107
chicken1_C-5_maxbin.019.fasta.contigs.fa,108_1,0.020000000000000018,average,ANImf,108
chicken1_D15_maxbin.014.fasta_sub.contigs.fa,108_1,0.020000000000000018,average,ANImf,108
chicken1_D16_maxbin.012.fasta.contigs.fa,108_1,0.020000000000000018,average,ANImf,108
chicken1_D22_maxbin.010.fasta_sub.contigs.fa,108_1,0.020000000000000018,average,ANImf,108
chicken1_D23_maxbin.006.fasta.contigs.fa,108_1,0.020000000000000018,average,ANImf,108
chicken1_D30_maxbin.006.fasta.contigs.fa,108_1,0.020000000000000018,average,ANImf,108
chicken1_D31_maxbin.023.fasta.contigs.fa,108_1,0.020000000000000018,average,ANImf,108
chicken1_D34_maxbin.020.fasta.contigs.fa,108_1,0.020000000000000018,average,ANImf,108
chicken1_D35_maxbin.040.fasta.contigs.fa,108_1,0.020000000000000018,average,ANImf,108
chicken1_D36_maxbin.029.fasta.contigs.fa,108_1,0.020000000000000018,average,ANImf,108
chicken1_D41_maxbin.019.fasta.contigs.fa,108_1,0.020000000000000018,average,ANImf,108
chicken1_C-1_maxbin.001.fasta.contigs.fa,109_1,0.020000000000000018,average,ANImf,109
chicken1_C-4_maxbin.014.fasta.contigs.fa,109_1,0.020000000000000018,average,ANImf,109
chicken1_C-5_maxbin.001.fasta.contigs.fa,109_1,0.020000000000000018,average,ANImf,109
chicken1_D10_maxbin.002.fasta.contigs.fa,109_1,0.020000000000000018,average,ANImf,109
chicken1_D11_maxbin.005.fasta.contigs.fa,109_1,0.020000000000000018,average,ANImf,109
chicken1_D12_maxbin.004.fasta.contigs.fa,109_1,0.020000000000000018,average,ANImf,109
chicken1_D13_maxbin.002.fasta.contigs.fa,109_1,0.020000000000000018,average,ANImf,109
chicken1_D14_maxbin.006.fasta.contigs.fa,109_1,0.020000000000000018,average,ANImf,109
chicken1_D15_maxbin.001.fasta.contigs.fa,109_1,0.020000000000000018,average,ANImf,109
chicken1_D16_maxbin.001.fasta.contigs.fa,109_1,0.020000000000000018,average,ANImf,109
chicken1_D17_maxbin.001.fasta.contigs.fa,109_1,0.020000000000000018,average,ANImf,109
chicken1_D1_maxbin.003.fasta.contigs.fa,109_1,0.020000000000000018,average,ANImf,109
chicken1_D20_maxbin.002.fasta.contigs.fa,109_1,0.020000000000000018,average,ANImf,109
chicken1_D22_maxbin.001.fasta.contigs.fa,109_1,0.020000000000000018,average,ANImf,109
chicken1_D23_maxbin.002.fasta.contigs.fa,109_1,0.020000000000000018,average,ANImf,109
chicken1_D24_maxbin.004.fasta.contigs.fa,109_1,0.020000000000000018,average,ANImf,109
chicken1_D28_maxbin.004.fasta.contigs.fa,109_1,0.020000000000000018,average,ANImf,109
chicken1_D29_maxbin.003.fasta.contigs.fa,109_1,0.020000000000000018,average,ANImf,109
chicken1_D2_maxbin.002.fasta.contigs.fa,109_1,0.020000000000000018,average,ANImf,109
chicken1_D30_maxbin.002.fasta.contigs.fa,109_1,0.020000000000000018,average,ANImf,109
chicken1_D31_maxbin.004.fasta.contigs.fa,109_1,0.020000000000000018,average,ANImf,109
chicken1_D34_maxbin.002.fasta.contigs.fa,109_1,0.020000000000000018,average,ANImf,109
chicken1_D36_maxbin.001.fasta.contigs.fa,109_1,0.020000000000000018,average,ANImf,109
chicken1_D37_maxbin.009.fasta.contigs.fa,109_1,0.020000000000000018,average,ANImf,109
chicken1_D40_maxbin.011.fasta.contigs.fa,109_1,0.020000000000000018,average,ANImf,109
chicken1_D41_maxbin.002.fasta.contigs.fa,109_1,0.020000000000000018,average,ANImf,109
chicken1_D42_maxbin.002.fasta.contigs.fa,109_1,0.020000000000000018,average,ANImf,109
chicken1_D43_maxbin.015.fasta.contigs.fa,109_1,0.020000000000000018,average,ANImf,109
chicken1_D5_maxbin.001.fasta.contigs.fa,109_1,0.020000000000000018,average,ANImf,109
chicken1_D6_maxbin.002.fasta.contigs.fa,109_1,0.020000000000000018,average,ANImf,109
chicken1_D7_maxbin.002.fasta.contigs.fa,109_1,0.020000000000000018,average,ANImf,109
chicken1_D43_maxbin.005.fasta.contigs.fa,110_0,0.020000000000000018,average,ANImf,110
chicken1_D43_maxbin.053.fasta.contigs.fa,111_0,0.020000000000000018,average,ANImf,111
chicken1_C-1_maxbin.051.fasta.contigs.fa,112_1,0.020000000000000018,average,ANImf,112
chicken1_D17_maxbin.039.fasta.contigs.fa,112_1,0.020000000000000018,average,ANImf,112
chicken1_D19_maxbin.036.fasta.contigs.fa,112_1,0.020000000000000018,average,ANImf,112
chicken1_D20_maxbin.039.fasta.contigs.fa,112_1,0.020000000000000018,average,ANImf,112
chicken1_D24_maxbin.044.fasta.contigs.fa,112_1,0.020000000000000018,average,ANImf,112
chicken1_D27_maxbin.049.fasta.contigs.fa,112_1,0.020000000000000018,average,ANImf,112
chicken1_D28_maxbin.062.fasta.contigs.fa,112_1,0.020000000000000018,average,ANImf,112
chicken1_D29_maxbin.034.fasta.contigs.fa,112_1,0.020000000000000018,average,ANImf,112
chicken1_D2_maxbin.034.fasta.contigs.fa,112_1,0.020000000000000018,average,ANImf,112
chicken1_D31_maxbin.037.fasta.contigs.fa,112_1,0.020000000000000018,average,ANImf,112
chicken1_D34_maxbin.034.fasta.contigs.fa,112_1,0.020000000000000018,average,ANImf,112
chicken1_D37_maxbin.048.fasta.contigs.fa,112_1,0.020000000000000018,average,ANImf,112
chicken1_D40_maxbin.042.fasta.contigs.fa,112_1,0.020000000000000018,average,ANImf,112
chicken1_D42_maxbin.037.fasta.contigs.fa,112_1,0.020000000000000018,average,ANImf,112
chicken1_D4_maxbin.034.fasta.contigs.fa,112_1,0.020000000000000018,average,ANImf,112
chicken1_D5_maxbin.042.fasta.contigs.fa,112_1,0.020000000000000018,average,ANImf,112
chicken1_D6_maxbin.040.fasta.contigs.fa,112_1,0.020000000000000018,average,ANImf,112
chicken1_D7_maxbin.036.fasta.contigs.fa,112_1,0.020000000000000018,average,ANImf,112
chicken1_D8_maxbin.039.fasta.contigs.fa,112_1,0.020000000000000018,average,ANImf,112
chicken1_D9_maxbin.031.fasta.contigs.fa,112_1,0.020000000000000018,average,ANImf,112
chicken1_C-5_maxbin.021.fasta.contigs.fa,113_1,0.020000000000000018,average,ANImf,113
chicken1_D10_maxbin.008.fasta.contigs.fa,113_1,0.020000000000000018,average,ANImf,113
chicken1_D13_maxbin.012.fasta.contigs.fa,113_1,0.020000000000000018,average,ANImf,113
chicken1_D15_maxbin.009.fasta.contigs.fa,113_1,0.020000000000000018,average,ANImf,113
chicken1_D16_maxbin.009.fasta.contigs.fa,113_1,0.020000000000000018,average,ANImf,113
chicken1_D17_maxbin.007.fasta.contigs.fa,113_1,0.020000000000000018,average,ANImf,113
chicken1_D22_maxbin.004.fasta.contigs.fa,113_1,0.020000000000000018,average,ANImf,113
chicken1_D23_maxbin.005.fasta.contigs.fa,113_1,0.020000000000000018,average,ANImf,113
chicken1_D24_maxbin.006.fasta.contigs.fa,113_1,0.020000000000000018,average,ANImf,113
chicken1_D27_maxbin.006.fasta.contigs.fa,113_1,0.020000000000000018,average,ANImf,113
chicken1_D28_maxbin.008.fasta.contigs.fa,113_1,0.020000000000000018,average,ANImf,113
chicken1_D29_maxbin.007.fasta.contigs.fa,113_1,0.020000000000000018,average,ANImf,113
chicken1_D2_maxbin.013.fasta.contigs.fa,113_1,0.020000000000000018,average,ANImf,113
chicken1_D30_maxbin.011.fasta.contigs.fa,113_1,0.020000000000000018,average,ANImf,113
chicken1_D31_maxbin.010.fasta.contigs.fa,113_1,0.020000000000000018,average,ANImf,113
chicken1_D35_maxbin.006.fasta.contigs.fa,113_1,0.020000000000000018,average,ANImf,113
chicken1_D41_maxbin.021.fasta.contigs.fa,113_1,0.020000000000000018,average,ANImf,113
chicken1_D5_maxbin.009.fasta.contigs.fa,113_1,0.020000000000000018,average,ANImf,113
chicken1_D7_maxbin.018.fasta.contigs.fa,113_1,0.020000000000000018,average,ANImf,113
chicken1_D8_maxbin.012.fasta.contigs.fa,113_1,0.020000000000000018,average,ANImf,113
chicken1_D9_maxbin.007.fasta.contigs.fa,113_1,0.020000000000000018,average,ANImf,113
chicken1_C-2_maxbin.007.fasta.contigs.fa,114_1,0.020000000000000018,average,ANImf,114
chicken1_C-3_maxbin.009.fasta.contigs.fa,114_1,0.020000000000000018,average,ANImf,114
chicken1_D32_maxbin.008.fasta.contigs.fa,114_1,0.020000000000000018,average,ANImf,114
chicken1_D33_maxbin.007.fasta.contigs.fa,114_1,0.020000000000000018,average,ANImf,114
chicken1_D38_maxbin.008.fasta.contigs.fa,114_1,0.020000000000000018,average,ANImf,114
chicken1_D39_maxbin.009.fasta.contigs.fa,114_1,0.020000000000000018,average,ANImf,114
chicken1_C-2_maxbin.010.fasta.contigs.fa,115_1,0.020000000000000018,average,ANImf,115
chicken1_C-3_maxbin.011.fasta.contigs.fa,115_1,0.020000000000000018,average,ANImf,115
chicken1_D32_maxbin.010.fasta.contigs.fa,115_1,0.020000000000000018,average,ANImf,115
chicken1_D33_maxbin.010.fasta.contigs.fa,115_1,0.020000000000000018,average,ANImf,115
chicken1_D39_maxbin.013.fasta.contigs.fa,115_1,0.020000000000000018,average,ANImf,115
chicken1_D43_maxbin.115.fasta.contigs.fa,116_0,0.020000000000000018,average,ANImf,116
chicken1_D43_maxbin.045.fasta.contigs.fa,117_0,0.020000000000000018,average,ANImf,117
chicken1_D43_maxbin.011.fasta.contigs.fa,118_0,0.020000000000000018,average,ANImf,118
chicken1_D43_maxbin.028.fasta.contigs.fa,119_0,0.020000000000000018,average,ANImf,119
chicken1_D43_maxbin.002.fasta.contigs.fa,120_0,0.020000000000000018,average,ANImf,120
