CONTIG_NAME	CALL	CONTIG_LENGTH	MIN_MAX_SCORE	AVG_MAX_SCORE	SYNTENY	DIRECTION	CLADE_A	CLADE_B	LCA	MELDED_A	MELDED_B	TAXONOMY_A	TAXONOMY_B	LOCI	ANNOTATIONS:UNIREF50	ANNOTATIONS:UNIREF90
megahit_10162	lgt	45787	0.8519	0.9164	AB	A?B	s__Streptococcus_pyogenes	s__Centipeda_periodontii	p__Firmicutes	--	--	r__Root|k__Bacteria|p__Firmicutes|c__Bacilli|o__Lactobacillales|f__Streptococcaceae|g__Streptococcus|s__Streptococcus_pyogenes	r__Root|k__Bacteria|p__Firmicutes|c__Negativicutes|o__Selenomonadales|f__Veillonellaceae|g__Centipeda|s__Centipeda_periodontii	5509:6504:+|9187:9441:-	UniRef50_J7IMJ9|UniRef50_D6EB66	UniRef90_I3I151|UniRef90_J6I465
megahit_10272	lgt	2198	0.8072	0.9001	AB	A?B	s__Clostridium_difficile	s__Coprococcus_catus	o__Clostridiales	--	--	r__Root|k__Bacteria|p__Firmicutes|c__Clostridia|o__Clostridiales|f__Peptostreptococcaceae|g__Peptostreptococcaceae_noname|s__Clostridium_difficile	r__Root|k__Bacteria|p__Firmicutes|c__Clostridia|o__Clostridiales|f__Lachnospiraceae|g__Coprococcus|s__Coprococcus_catus	1:284:-|1933:2157:-	UniRef50_E3GIR5|UniRef50_D4J5U0	UniRef90_A0A031WBM6|UniRef90_D4J5U0
megahit_10388	lgt	5533	0.8595	0.9477	ABAA	B>A	g__Prevotella	g__Neisseria	k__Bacteria	--	--	r__Root|k__Bacteria|p__Bacteroidetes|c__Bacteroidia|o__Bacteroidales|f__Prevotellaceae|g__Prevotella	r__Root|k__Bacteria|p__Proteobacteria|c__Betaproteobacteria|o__Neisseriales|f__Neisseriaceae|g__Neisseria	1:281:-|254:592:-|4512:4850:-|5095:5475:+	UniRef50_U2K7H2|UniRef50_E2PE33|UniRef50_D1W2K2|UniRef50_D1VX14	UniRef90_U2K7H2|UniRef90_E2PE33|UniRef90_D1W2K2|UniRef90_U7UI34
megahit_10444	lgt	11128	0.8030	0.9090	AABBBBBBBB	A?B	f__Oscillospiraceae	f__Ruminococcaceae	o__Clostridiales	--	--	r__Root|k__Bacteria|p__Firmicutes|c__Clostridia|o__Clostridiales|f__Oscillospiraceae	r__Root|k__Bacteria|p__Firmicutes|c__Clostridia|o__Clostridiales|f__Ruminococcaceae	472:1266:+|1211:2092:+|4634:6589:+|6576:7535:+|7550:7868:+|8016:8944:+|9592:9829:+|9857:10252:+|10361:10615:+|10625:11128:+	UniRef50_Q93RG0|UniRef50_R5IBP9|UniRef50_E6U5J8|UniRef50_D1PRI0|UniRef50_F4XHN0|UniRef50_F4XHM9|UniRef50_F4XHM7|UniRef50_F4XHM6|UniRef50_B0P6Z5|UniRef50_B0P6Z6	UniRef90_U2R4W4|UniRef90_U2QKZ2|UniRef90_B0P6Z0|UniRef90_B0P6Z1|UniRef90_F4XHN0|UniRef90_F4XHM9|UniRef90_F4XHM7|UniRef90_F4XHM6|UniRef90_F4XHM5|UniRef90_F4XHM4
megahit_11133	lgt	3179	0.9762	0.9807	AB	A?B	s__Tetragenococcus_halophilus	s__Enterococcus_faecium	f__Enterococcaceae	--	--	r__Root|k__Bacteria|p__Firmicutes|c__Bacilli|o__Lactobacillales|f__Enterococcaceae|g__Tetragenococcus|s__Tetragenococcus_halophilus	r__Root|k__Bacteria|p__Firmicutes|c__Bacilli|o__Lactobacillales|f__Enterococcaceae|g__Enterococcus|s__Enterococcus_faecium	66:272:-|1291:3179:-	UniRef50_G4L8N1|UniRef50_L2LPS4	UniRef90_G4L8N1|UniRef90_L2LPS4
megahit_1117	lgt	13246	0.9475	0.9736	AAA*BBBBBB*B	A?B	f__Lachnospiraceae	f__Eubacteriaceae	o__Clostridiales	--	--	r__Root|k__Bacteria|p__Firmicutes|c__Clostridia|o__Clostridiales|f__Lachnospiraceae	r__Root|k__Bacteria|p__Firmicutes|c__Clostridia|o__Clostridiales|f__Eubacteriaceae	96:1007:-|1108:2319:+|2362:2961:+|3451:3947:+|4658:5779:+|5793:7640:-|7953:8669:+|8684:11053:+|11272:11786:+|11797:12119:+|12366:12707:+|12689:13009:+	UniRef50_D4L3Z8|UniRef50_R6MPD7|UniRef50_C7QRM8|UniRef50_D4JIM2|UniRef50_C4Z9V0|UniRef50_R5QVA2|UniRef50_R7BQH2|UniRef50_R6UX31|UniRef50_R5WSJ2|UniRef50_R6UX36|UniRef50_D4MKE4|UniRef50_C4ZAB7	UniRef90_D4L3Z8|UniRef90_unknown|UniRef90_D4L3Z6|UniRef90_D4JIM2|UniRef90_C4Z9V0|UniRef90_C4Z9V1|UniRef90_R5R5K7|UniRef90_C4Z9V3|UniRef90_C4ZA93|UniRef90_C4ZA94|UniRef90_C4ZAB6|UniRef90_C4ZAB7
megahit_11282	lgt	3292	0.8074	0.8396	AB	A?B	s__Clostridiales_bacterium_BV3C26	s__Peptoniphilus_sp_ph5	f__Clostridiales_Family_XI_Incertae_Sedis	--	--	r__Root|k__Bacteria|p__Firmicutes|c__Clostridia|o__Clostridiales|f__Clostridiales_Family_XI_Incertae_Sedis|g__Clostridiales_Family_XI_Incertae_Sedis_noname|s__Clostridiales_bacterium_BV3C26	r__Root|k__Bacteria|p__Firmicutes|c__Clostridia|o__Clostridiales|f__Clostridiales_Family_XI_Incertae_Sedis|g__Peptoniphilus|s__Peptoniphilus_sp_ph5	181:1818:+|2052:2718:+	UniRef50_A7GH10|UniRef50_R7GZ62	UniRef90_U7UMR9|UniRef90_E2ZBX7
megahit_11472	lgt	60536	0.8193	0.9618	AAAAAAAAAAAAAAAAAAAAAAAAAAAAAAAAABBBBAAAAAAAAAAAAAAA	B>A	f__Campylobacteraceae	f__Clostridiales_Family_XI_Incertae_Sedis	k__Bacteria	--	--	r__Root|k__Bacteria|p__Proteobacteria|c__Epsilonproteobacteria|o__Campylobacterales|f__Campylobacteraceae	r__Root|k__Bacteria|p__Firmicutes|c__Clostridia|o__Clostridiales|f__Clostridiales_Family_XI_Incertae_Sedis	1:1619:+|1719:3071:+|3074:4522:+|4522:5619:+|5612:5812:+|5805:6608:+|6601:7272:+|7320:7896:+|8256:9458:-|9598:10797:-|10968:12275:+|12272:12622:+|12609:14807:+|14847:15452:+|15449:16561:+|16571:16942:+|16944:18035:+|18028:18313:+|18316:19485:+|19491:20144:+|20146:21111:+|21155:22939:-|23098:24552:+|24549:25115:-|25112:26395:-|26392:27063:-|27180:28295:+|29461:29838:-|29843:33866:-|33863:34657:-|34714:36520:-|36507:37079:-|37127:38665:+|38874:39174:+|39327:39596:+|39594:42544:+|42546:43332:+|43687:44331:+|44586:45833:+|45830:46252:+|46242:48479:+|48476:49186:+|49163:51333:+|51415:52266:+|52416:53077:+|53149:54540:-|54541:55872:-|55847:57424:-|57649:58344:+|58376:59041:+|59199:59543:+|59738:60280:+	UniRef50_unknown|UniRef50_B9KD43|UniRef50_P65168|UniRef50_A7GX29|UniRef50_S3YPC9|UniRef50_A7I1T2|UniRef50_A6QB75|UniRef50_S3XLR0|UniRef50_S3XJQ5|UniRef50_S3YPC6|UniRef50_Q9ZLL2|UniRef50_S3XYC2|UniRef50_U5XY53|UniRef50_S3XJP9|UniRef50_A6Q7J0|UniRef50_U9T291|UniRef50_S3XYB8|UniRef50_S3XLP9|UniRef50_A7I0Q8|UniRef50_A7I0Q9|UniRef50_A7I0R0|UniRef50_F4GM43|UniRef50_E4U0Q9|UniRef50_A8EUC6|UniRef50_A7I2G1|UniRef50_Q7M885|UniRef50_Q7VG06|UniRef50_D1B006|UniRef50_S3XJN2|UniRef50_S3YPA7|UniRef50_Q9PN51|UniRef50_UPI000361638B|UniRef50_Q7UFS3|UniRef50_D1AXW4|UniRef50_D1VS24|UniRef50_R5G5A5|UniRef50_R5G185|UniRef50_A7GX74|UniRef50_Q9PN47|UniRef50_S3YP96|UniRef50_A7I000|UniRef50_A7GX78|UniRef50_Q0P903|UniRef50_C8PI95|UniRef50_S3XHI8|UniRef50_Q7VFF8|UniRef50_S3XJL0|UniRef50_B7MDM9|UniRef50_P0A4L7|UniRef50_Q57JR8|UniRef50_B9KD84|UniRef50_UPI0003816D3F	UniRef90_unknown|UniRef90_S3XYD2|UniRef90_S3XLR4|UniRef90_S3XJR3|UniRef90_S3YPC9|UniRef90_S3XHP1|UniRef90_S3XYC7|UniRef90_S3XLR0|UniRef90_S3XJQ5|UniRef90_UPI000360BA44|UniRef90_S3XHN1|UniRef90_S3XYC2|UniRef90_S3XLQ4|UniRef90_S3XJP9|UniRef90_S3YPC2|UniRef90_S3XHM4|UniRef90_S3XYB8|UniRef90_S3XLP9|UniRef90_S3XJP3|UniRef90_S3YPB7|UniRef90_S3XHL7|UniRef90_S3XYB5|UniRef90_S3XLP3|UniRef90_S3XJN8|UniRef90_S3YPB2|UniRef90_S3XHK7|UniRef90_S3XYB2|UniRef90_S3XLN8|UniRef90_unknown|UniRef90_S3YPA7|UniRef90_S3XHK2|UniRef90_UPI000361638B|UniRef90_S3XLN4|UniRef90_E1KXF6|UniRef90_D1VS24|UniRef90_D1VS23|UniRef90_D1VS22|UniRef90_S3XLM9|UniRef90_S3XJM2|UniRef90_S3YP96|UniRef90_S3XHJ1|UniRef90_S3XY97|UniRef90_S3XLM3|UniRef90_S3XJL5|UniRef90_S3YP91|UniRef90_S3XLL9|UniRef90_S3XJL0|UniRef90_S3YP86|UniRef90_S3XHI5|UniRef90_S3XY86|UniRef90_S3XLL5|UniRef90_UPI0003816D3F
megahit_11971	lgt	1973	0.9625	0.9713	AB	A?B	s__Roseburia_inulinivorans	s__Eubacterium_rectale	o__Clostridiales	--	--	r__Root|k__Bacteria|p__Firmicutes|c__Clostridia|o__Clostridiales|f__Lachnospiraceae|g__Roseburia|s__Roseburia_inulinivorans	r__Root|k__Bacteria|p__Firmicutes|c__Clostridia|o__Clostridiales|f__Eubacteriaceae|g__Eubacterium|s__Eubacterium_rectale	1:907:+|1624:1973:-	UniRef50_unknown|UniRef50_C4Z9T9	UniRef90_unknown|UniRef90_C4Z9T9
megahit_11993	lgt	11552	0.8202	0.8887	A*AABB	A?B	s__Clostridium_sp_KLE_1755	s__Coprococcus_comes	o__Clostridiales	--	--	r__Root|k__Bacteria|p__Firmicutes|c__Clostridia|o__Clostridiales|f__Clostridiaceae|g__Clostridium|s__Clostridium_sp_KLE_1755	r__Root|k__Bacteria|p__Firmicutes|c__Clostridia|o__Clostridiales|f__Lachnospiraceae|g__Coprococcus|s__Coprococcus_comes	3:763:+|834:1171:+|1849:2055:-|2076:3538:-|9268:10646:-|10919:11552:+	UniRef50_C0B5M7|UniRef50_C0B5M6|UniRef50_U2CIY5|UniRef50_R5HVE4|UniRef50_R6EMC3|UniRef50_C4ZAI0	UniRef90_C0B5M7|UniRef90_C0B5M6|UniRef90_U2CIY5|UniRef90_U2CPG1|UniRef90_R6LS11|UniRef90_R6LKI9
megahit_12255	lgt	7092	0.8565	0.9250	AB	A?B	s__Bacteroides_pectinophilus	s__Dorea_formicigenerans	o__Clostridiales	--	--	r__Root|k__Bacteria|p__Firmicutes|c__Clostridia|o__Clostridiales|f__Clostridiales_noname|g__Clostridiales_noname|s__Bacteroides_pectinophilus	r__Root|k__Bacteria|p__Firmicutes|c__Clostridia|o__Clostridiales|f__Lachnospiraceae|g__Dorea|s__Dorea_formicigenerans	2415:3026:+|4962:5170:-	UniRef50_R6ZPX8|UniRef50_C0FWN7	UniRef90_C4Z7M3|UniRef90_G1WXE9
megahit_12356	lgt	6641	0.8109	0.9255	AAABB	A?B	s__Clostridium_symbiosum	g__Oscillibacter	o__Clostridiales	--	s__Oscillibacter_sp_KLE_1728; s__Oscillibacter_sp_KLE_1745	r__Root|k__Bacteria|p__Firmicutes|c__Clostridia|o__Clostridiales|f__Clostridiaceae|g__Clostridium|s__Clostridium_symbiosum	r__Root|k__Bacteria|p__Firmicutes|c__Clostridia|o__Clostridiales|f__Oscillospiraceae|g__Oscillibacter	382:984:+|1048:2832:+|2829:4568:+|4731:5789:-|5939:6445:+	UniRef50_D4MT26|UniRef50_R6ZNC5|UniRef50_F9D0N5|UniRef50_U5MVL7|UniRef50_R6UAY0	UniRef90_E9SUE3|UniRef90_E9SUE2|UniRef90_E9SUE1|UniRef90_U2QH39|UniRef90_U2RPN3
megahit_12605	lgt	10358	0.8618	0.9764	AAABBBBBBBB	A?B	s__Lachnospiraceae_bacterium_7_1_58FAA	g__Oscillibacter	o__Clostridiales	--	s__Oscillibacter_sp_KLE_1728; s__Oscillibacter_sp_KLE_1745	r__Root|k__Bacteria|p__Firmicutes|c__Clostridia|o__Clostridiales|f__Lachnospiraceae|g__Lachnospiraceae_noname|s__Lachnospiraceae_bacterium_7_1_58FAA	r__Root|k__Bacteria|p__Firmicutes|c__Clostridia|o__Clostridiales|f__Oscillospiraceae|g__Oscillibacter	1:368:+|1103:1513:+|1532:2413:+|2665:2868:+|3443:3662:+|3763:5112:+|5206:5703:+|5700:7598:+|7612:9318:+|9466:9873:+|9870:10358:+	UniRef50_H1CF05|UniRef50_R5KZJ9|UniRef50_H1CK32|UniRef50_U2S107|UniRef50_U2QE06|UniRef50_K1SJ41|UniRef50_R6GB24|UniRef50_R5K0M5|UniRef50_F4LUF9|UniRef50_R9M2G9|UniRef50_R6KHS2	UniRef90_H1CMM4|UniRef90_H1CK30|UniRef90_H1CK32|UniRef90_U2S107|UniRef90_U2QE06|UniRef90_U2QJX6|UniRef90_U2QE59|UniRef90_U2PW25|UniRef90_U2QEU5|UniRef90_U2RMC2|UniRef90_U2RVN2
megahit_12777	lgt	5901	0.9644	0.9852	AAAB	A?B	s__Bacteroides_pectinophilus	s__Coprococcus_catus	o__Clostridiales	--	--	r__Root|k__Bacteria|p__Firmicutes|c__Clostridia|o__Clostridiales|f__Clostridiales_noname|g__Clostridiales_noname|s__Bacteroides_pectinophilus	r__Root|k__Bacteria|p__Firmicutes|c__Clostridia|o__Clostridiales|f__Lachnospiraceae|g__Coprococcus|s__Coprococcus_catus	86:1300:-|1713:2274:-|2303:3058:-|5230:5901:-	UniRef50_F5YIA1|UniRef50_C4Z7W1|UniRef50_C4Z7W0|UniRef50_E0S318	UniRef90_C4Z7W2|UniRef90_C4Z7W1|UniRef90_C4Z7W0|UniRef90_D4JBH4
megahit_1305	lgt	8610	0.9802	0.9904	ABBBBB	A?B	s__Ruminococcus_torques	s__Dorea_formicigenerans	f__Lachnospiraceae	--	--	r__Root|k__Bacteria|p__Firmicutes|c__Clostridia|o__Clostridiales|f__Lachnospiraceae|g__Blautia|s__Ruminococcus_torques	r__Root|k__Bacteria|p__Firmicutes|c__Clostridia|o__Clostridiales|f__Lachnospiraceae|g__Dorea|s__Dorea_formicigenerans	1:544:+|1993:2847:-|3112:4473:+|4475:5911:+|5967:7887:+|7871:8610:+	UniRef50_R5RDU2|UniRef50_R5YXU1|UniRef50_C4Z411|UniRef50_R5TPZ2|UniRef50_R5UQI8|UniRef50_H8L7R2	UniRef90_R5RDU2|UniRef90_R5TPM5|UniRef90_R5HN37|UniRef90_R5TPZ2|UniRef90_C0FXY1|UniRef90_R5HMW4
megahit_13138	lgt	12682	0.8023	0.9667	ABBBBBBBBBB	A?B	s__Faecalibacterium_prausnitzii	s__Roseburia_inulinivorans	o__Clostridiales	--	--	r__Root|k__Bacteria|p__Firmicutes|c__Clostridia|o__Clostridiales|f__Ruminococcaceae|g__Faecalibacterium|s__Faecalibacterium_prausnitzii	r__Root|k__Bacteria|p__Firmicutes|c__Clostridia|o__Clostridiales|f__Lachnospiraceae|g__Roseburia|s__Roseburia_inulinivorans	542:2327:+|2743:4101:+|4188:4715:+|4933:5590:+|5760:6515:+|6659:7507:-|7885:9273:+|9290:10289:+|10282:11241:+|11315:12244:+|12392:12682:+	UniRef50_R7PL54|UniRef50_D4L1I5|UniRef50_D4KND0|UniRef50_C0FQ68|UniRef50_Q8R5T0|UniRef50_R5HNF7|UniRef50_R5HSZ1|UniRef50_C0FQ73|UniRef50_D4KAL9|UniRef50_I1ZJ75|UniRef50_R5HNF2	UniRef90_A8SH92|UniRef90_R5I2P4|UniRef90_C0FQ67|UniRef90_C0FQ68|UniRef90_R5I3A3|UniRef90_R5HNF7|UniRef90_R5HSZ1|UniRef90_C0FQ73|UniRef90_R5I2N6|UniRef90_R5I3A0|UniRef90_R5HNF2
megahit_13178	lgt	1350	0.8802	0.9213	ABB	A?B	s__Enterococcus_faecium	s__Clostridium_scindens	p__Firmicutes	--	--	r__Root|k__Bacteria|p__Firmicutes|c__Bacilli|o__Lactobacillales|f__Enterococcaceae|g__Enterococcus|s__Enterococcus_faecium	r__Root|k__Bacteria|p__Firmicutes|c__Clostridia|o__Clostridiales|f__Clostridiaceae|g__Clostridium|s__Clostridium_scindens	1:483:-|524:924:-|1006:1350:-	UniRef50_H8L7T0|UniRef50_R5GYT0|UniRef50_B0N9S6	UniRef90_H8L7T0|UniRef90_D4MPV1|UniRef90_B0N9S6
megahit_13513	lgt	2425	0.8410	0.9028	AB	A?B	f__Lachnospiraceae	s__Eubacterium_hallii	o__Clostridiales	g__Butyrivibrio|s__Butyrivibrio_crossotus; g__Roseburia|s__Roseburia_hominis; g__Roseburia|s__Roseburia_inulinivorans	--	r__Root|k__Bacteria|p__Firmicutes|c__Clostridia|o__Clostridiales|f__Lachnospiraceae	r__Root|k__Bacteria|p__Firmicutes|c__Clostridia|o__Clostridiales|f__Eubacteriaceae|g__Eubacterium|s__Eubacterium_hallii	1:596:-|1301:2064:-	UniRef50_R7R0Z2|UniRef50_C0EVY7	UniRef90_G2T4A8|UniRef90_C0EVY7
megahit_13518	lgt	2673	0.8741	0.9187	ABA	B>A	o__Lactobacillales	s__Clostridium_nexile	p__Firmicutes	f__Enterococcaceae|g__Enterococcus|s__Enterococcus_faecalis; f__Enterococcaceae|g__Enterococcus|s__Enterococcus_faecium; f__Streptococcaceae|g__Streptococcus|s__Streptococcus_parauberis	--	r__Root|k__Bacteria|p__Firmicutes|c__Bacilli|o__Lactobacillales	r__Root|k__Bacteria|p__Firmicutes|c__Clostridia|o__Clostridiales|f__Clostridiaceae|g__Clostridium|s__Clostridium_nexile	456:1209:+|1768:1992:+|2031:2673:+	UniRef50_F0P7X9|UniRef50_D4J4D5|UniRef50_G2SZW0	UniRef90_F0P7X9|UniRef90_D4J4D5|UniRef90_G2SZW0
megahit_13699	lgt	11916	0.9209	0.9838	*ABBBBBBBBBB	A?B	g__Parabacteroides	g__Bacteroides	o__Bacteroidales	--	--	r__Root|k__Bacteria|p__Bacteroidetes|c__Bacteroidia|o__Bacteroidales|f__Porphyromonadaceae|g__Parabacteroides	r__Root|k__Bacteria|p__Bacteroidetes|c__Bacteroidia|o__Bacteroidales|f__Bacteroidaceae|g__Bacteroides	1:723:-|766:1008:+|1162:2278:-|2301:2942:-|2915:3559:+|3573:4247:+|4244:5160:+|5248:5946:+|5989:6664:+|6724:8241:-|8259:11075:-|11526:11916:+	UniRef50_G8UI78|UniRef50_K5Z607|UniRef50_R6CH69|UniRef50_Q7MVV7|UniRef50_R7EJK0|UniRef50_R7H1F5|UniRef50_R6LGE0|UniRef50_R5JMJ1|UniRef50_A7V447|UniRef50_F2KUT1|UniRef50_C9MTG7|UniRef50_F0R1E9	UniRef90_K5ZL58|UniRef90_K5Z607|UniRef90_R7EJ68|UniRef90_E6SSS3|UniRef90_R7EJK0|UniRef90_R6FDK2|UniRef90_R6KAT0|UniRef90_R7EJ73|UniRef90_A7V447|UniRef90_R7EJK6|UniRef90_unknown|UniRef90_R7EIG8
megahit_1386	lgt	5687	0.8026	0.8571	AAAAB	A?B	f__Ruminococcaceae	f__Lachnospiraceae	o__Clostridiales	--	--	r__Root|k__Bacteria|p__Firmicutes|c__Clostridia|o__Clostridiales|f__Ruminococcaceae	r__Root|k__Bacteria|p__Firmicutes|c__Clostridia|o__Clostridiales|f__Lachnospiraceae	1:292:-|1990:2595:-|2600:3214:-|3325:3903:-|4170:4648:-	UniRef50_A8S8T1|UniRef50_R7ER60|UniRef50_D4K8B8|UniRef50_K1TQF6|UniRef50_R9IIX0	UniRef90_A8S8T1|UniRef90_unknown|UniRef90_UPI0002DAC376|UniRef90_UPI000317BC58|UniRef90_D4M6K1
megahit_1398	lgt	1982	0.8297	0.8778	ABB	A?B	s__Ruminococcus_obeum	s__Dorea_longicatena	f__Lachnospiraceae	--	--	r__Root|k__Bacteria|p__Firmicutes|c__Clostridia|o__Clostridiales|f__Lachnospiraceae|g__Blautia|s__Ruminococcus_obeum	r__Root|k__Bacteria|p__Firmicutes|c__Clostridia|o__Clostridiales|f__Lachnospiraceae|g__Dorea|s__Dorea_longicatena	306:1196:-|1354:1668:+|1643:1982:+	UniRef50_R6L8H3|UniRef50_R6YNH3|UniRef50_R5Y211	UniRef90_D4LT90|UniRef90_unknown|UniRef90_A6BDZ7
megahit_14382	lgt	1780	0.8091	0.8437	ABA	B>A	s__Peptoniphilus_sp_ph5	s__Peptoniphilus_rhinitidis	g__Peptoniphilus	--	--	r__Root|k__Bacteria|p__Firmicutes|c__Clostridia|o__Clostridiales|f__Clostridiales_Family_XI_Incertae_Sedis|g__Peptoniphilus|s__Peptoniphilus_sp_ph5	r__Root|k__Bacteria|p__Firmicutes|c__Clostridia|o__Clostridiales|f__Clostridiales_Family_XI_Incertae_Sedis|g__Peptoniphilus|s__Peptoniphilus_rhinitidis	2:646:-|1100:1335:-|1413:1780:+	UniRef50_unknown|UniRef50_UPI000287D0A7|UniRef50_D1VST5	UniRef90_unknown|UniRef90_UPI000287D0A7|UniRef90_UPI000313AE6A
megahit_14880	lgt	9204	0.8391	0.9666	ABBBB	A?B	s__Roseburia_intestinalis	s__Faecalibacterium_prausnitzii	o__Clostridiales	--	--	r__Root|k__Bacteria|p__Firmicutes|c__Clostridia|o__Clostridiales|f__Lachnospiraceae|g__Roseburia|s__Roseburia_intestinalis	r__Root|k__Bacteria|p__Firmicutes|c__Clostridia|o__Clostridiales|f__Ruminococcaceae|g__Faecalibacterium|s__Faecalibacterium_prausnitzii	4955:5903:+|6838:7260:+|7263:8123:+|8120:8767:+|8975:9204:+	UniRef50_R5SZ09|UniRef50_Q893D4|UniRef50_D4LWS7|UniRef50_D9R7F5|UniRef50_C4ZE49	UniRef90_R5H2A8|UniRef90_C4ZE54|UniRef90_C4ZE53|UniRef90_C4ZE52|UniRef90_C4ZE49
megahit_15052	lgt	1698	0.8270	0.9062	AAB	A?B	s__Roseburia_inulinivorans	s__Coprococcus_catus	f__Lachnospiraceae	--	--	r__Root|k__Bacteria|p__Firmicutes|c__Clostridia|o__Clostridiales|f__Lachnospiraceae|g__Roseburia|s__Roseburia_inulinivorans	r__Root|k__Bacteria|p__Firmicutes|c__Clostridia|o__Clostridiales|f__Lachnospiraceae|g__Coprococcus|s__Coprococcus_catus	469:777:-|996:1231:-|1490:1698:-	UniRef50_R6AQY7|UniRef50_C0FWS0|UniRef50_R5HSQ2	UniRef90_C0FWS2|UniRef90_C0FWS0|UniRef90_R5E0R7
megahit_15088	lgt	5532	0.9607	0.9784	ABBB	A?B	s__Coprococcus_catus	s__Eubacterium_rectale	o__Clostridiales	--	--	r__Root|k__Bacteria|p__Firmicutes|c__Clostridia|o__Clostridiales|f__Lachnospiraceae|g__Coprococcus|s__Coprococcus_catus	r__Root|k__Bacteria|p__Firmicutes|c__Clostridia|o__Clostridiales|f__Eubacteriaceae|g__Eubacterium|s__Eubacterium_rectale	1:440:+|477:3034:+|3376:4221:+|4278:4928:+	UniRef50_Q9X3Y6|UniRef50_I5ATV9|UniRef50_A6T6H6|UniRef50_Q2RG70	UniRef90_D4J4X5|UniRef90_unknown|UniRef90_C4Z943|UniRef90_C4Z945
megahit_15464	lgt	6988	0.8641	0.9399	ABAA	B>A	g__Coprococcus	g__Peptostreptococcaceae_noname	o__Clostridiales	--	--	r__Root|k__Bacteria|p__Firmicutes|c__Clostridia|o__Clostridiales|f__Lachnospiraceae|g__Coprococcus	r__Root|k__Bacteria|p__Firmicutes|c__Clostridia|o__Clostridiales|f__Peptostreptococcaceae|g__Peptostreptococcaceae_noname	1:2660:+|3393:5276:+|5688:6146:+|6198:6988:+	UniRef50_C4ZE39|UniRef50_D4JTY6|UniRef50_B0G8S7|UniRef50_D4JA72	UniRef90_C4ZE39|UniRef90_D5Q4K5|UniRef90_B0G8S7|UniRef90_D4JA72
megahit_1577	lgt	7458	0.8470	0.9537	AAAAAAAABB	A?B	g__Eubacterium	g__Peptostreptococcaceae_noname	o__Clostridiales	--	--	r__Root|k__Bacteria|p__Firmicutes|c__Clostridia|o__Clostridiales|f__Eubacteriaceae|g__Eubacterium	r__Root|k__Bacteria|p__Firmicutes|c__Clostridia|o__Clostridiales|f__Peptostreptococcaceae|g__Peptostreptococcaceae_noname	1:303:-|1571:1948:-|1954:2915:-|2942:3306:-|3399:3888:-|3897:4274:-|4311:4748:-|4768:5394:-|5665:6552:-|6572:7339:-	UniRef50_A5ZNN4|UniRef50_R5TR81|UniRef50_U2RA67|UniRef50_U2R1U9|UniRef50_U2QI66|UniRef50_U2QQF7|UniRef50_R5F7S3|UniRef50_R5THP1|UniRef50_R5U9K3|UniRef50_T4P8H3	UniRef90_A5ZNN4|UniRef90_R5TR81|UniRef90_U2RA67|UniRef90_U2R1U9|UniRef90_U2QI66|UniRef90_U2QQF7|UniRef90_R5U236|UniRef90_U2PBI7|UniRef90_T4P7G7|UniRef90_T4P8H3
megahit_15900	lgt	15089	0.8817	0.9642	AA*BBBBBBBBB	A?B	g__Peptostreptococcaceae_noname	g__Eubacterium	o__Clostridiales	--	--	r__Root|k__Bacteria|p__Firmicutes|c__Clostridia|o__Clostridiales|f__Peptostreptococcaceae|g__Peptostreptococcaceae_noname	r__Root|k__Bacteria|p__Firmicutes|c__Clostridia|o__Clostridiales|f__Eubacteriaceae|g__Eubacterium	3811:4581:-|5069:6232:+|6225:6502:+|7867:8331:+|8469:8738:+|8826:9203:+|9527:10435:-|10579:11151:+|11246:12319:+|12312:13127:+|13121:13912:+|13928:15025:+	UniRef50_D4LT68|UniRef50_R7KF18|UniRef50_P61623|UniRef50_R5ULC4|UniRef50_C4ZAB7|UniRef50_R5TKS0|UniRef50_R6DEI2|UniRef50_R5TYB6|UniRef50_Q2SSS4|UniRef50_A9KLF2|UniRef50_B8I8N0|UniRef50_R6GCI4	UniRef90_T3ACL8|UniRef90_T3IIH6|UniRef90_unknown|UniRef90_R5TN62|UniRef90_R5TGH5|UniRef90_R5TKS0|UniRef90_R5U4B8|UniRef90_R5TYB6|UniRef90_R5TE68|UniRef90_R5TKR4|UniRef90_R5TE60|UniRef90_R5U4B3
megahit_1600	lgt	11465	0.8309	0.8541	AB	A?B	s__Peptoniphilus_sp_JC140	s__Peptoniphilus_sp_ph5	g__Peptoniphilus	--	--	r__Root|k__Bacteria|p__Firmicutes|c__Clostridia|o__Clostridiales|f__Clostridiales_Family_XI_Incertae_Sedis|g__Peptoniphilus|s__Peptoniphilus_sp_JC140	r__Root|k__Bacteria|p__Firmicutes|c__Clostridia|o__Clostridiales|f__Clostridiales_Family_XI_Incertae_Sedis|g__Peptoniphilus|s__Peptoniphilus_sp_ph5	1:285:+|285:1538:+	UniRef50_R7KQ82|UniRef50_F9MV93	UniRef90_UPI00028A11D8|UniRef90_UPI000303CF41
megahit_16050	lgt	4100	0.8639	0.9025	AAAAB	A?B	s__Faecalibacterium_prausnitzii	s__Eubacterium_hallii	o__Clostridiales	--	--	r__Root|k__Bacteria|p__Firmicutes|c__Clostridia|o__Clostridiales|f__Ruminococcaceae|g__Faecalibacterium|s__Faecalibacterium_prausnitzii	r__Root|k__Bacteria|p__Firmicutes|c__Clostridia|o__Clostridiales|f__Eubacteriaceae|g__Eubacterium|s__Eubacterium_hallii	398:1236:+|1635:2177:+|2199:2571:+|2561:2897:+|3528:3887:-	UniRef50_D7GTK5|UniRef50_Q9AGG3|UniRef50_R7CP64|UniRef50_E2ZNI1|UniRef50_R6K0L7	UniRef90_unknown|UniRef90_A8S6W2|UniRef90_D7GTK8|UniRef90_E2ZNI1|UniRef90_C0EVX5
megahit_16212	lgt	9096	0.8891	0.9568	AAAAAAB	A?B	g__Roseburia	g__Blautia	f__Lachnospiraceae	--	--	r__Root|k__Bacteria|p__Firmicutes|c__Clostridia|o__Clostridiales|f__Lachnospiraceae|g__Roseburia	r__Root|k__Bacteria|p__Firmicutes|c__Clostridia|o__Clostridiales|f__Lachnospiraceae|g__Blautia	531:1364:+|1444:2385:+|2433:2978:+|4789:5688:+|6221:7201:+|7242:7922:+|8339:8824:-	UniRef50_C4ZEA6|UniRef50_C7GGQ5|UniRef50_G2SY32|UniRef50_C4ZEC1|UniRef50_G2SY29|UniRef50_G2SY28|UniRef50_C4ZFG5	UniRef90_unknown|UniRef90_C7GGQ5|UniRef90_C4ZEA9|UniRef90_C4ZEC1|UniRef90_G2SY29|UniRef90_G2SY28|UniRef90_C4ZFG5
megahit_16366	lgt	1627	0.8423	0.8961	AAB	A?B	s__Lachnospiraceae_bacterium_1_4_56FAA	g__Eubacterium	o__Clostridiales	--	s__Eubacterium_plexicaudatum; s__Eubacterium_ramulus	r__Root|k__Bacteria|p__Firmicutes|c__Clostridia|o__Clostridiales|f__Lachnospiraceae|g__Lachnospiraceae_noname|s__Lachnospiraceae_bacterium_1_4_56FAA	r__Root|k__Bacteria|p__Firmicutes|c__Clostridia|o__Clostridiales|f__Eubacteriaceae|g__Eubacterium	1:260:+|250:732:+|1069:1413:+	UniRef50_A6TV58|UniRef50_D7GVF0|UniRef50_D4LPW5	UniRef90_F7JID3|UniRef90_F7JID4|UniRef90_D4LPW5
megahit_16999	lgt	1586	0.8710	0.9117	AB	A?B	s__Peptoniphilus_sp_ph5	s__Peptoniphilus_rhinitidis	g__Peptoniphilus	--	--	r__Root|k__Bacteria|p__Firmicutes|c__Clostridia|o__Clostridiales|f__Clostridiales_Family_XI_Incertae_Sedis|g__Peptoniphilus|s__Peptoniphilus_sp_ph5	r__Root|k__Bacteria|p__Firmicutes|c__Clostridia|o__Clostridiales|f__Clostridiales_Family_XI_Incertae_Sedis|g__Peptoniphilus|s__Peptoniphilus_rhinitidis	126:743:+|1377:1586:+	UniRef50_U7UEK6|UniRef50_UPI00028A3F97	UniRef90_unknown|UniRef90_UPI00028A3F97
megahit_17647	lgt	3314	0.9797	0.9815	AAB	A?B	s__Blautia_sp_KLE_1732	s__Ruminococcus_obeum	g__Blautia	--	--	r__Root|k__Bacteria|p__Firmicutes|c__Clostridia|o__Clostridiales|f__Lachnospiraceae|g__Blautia|s__Blautia_sp_KLE_1732	r__Root|k__Bacteria|p__Firmicutes|c__Clostridia|o__Clostridiales|f__Lachnospiraceae|g__Blautia|s__Ruminococcus_obeum	487:1323:+|1396:2151:+|2787:3309:-	UniRef50_G2T0U1|UniRef50_B0P2E3|UniRef50_D4LRE4	UniRef90_U2D527|UniRef90_U2DN71|UniRef90_D4JAB5
megahit_17754	lgt	2116	0.9611	0.9720	ABB	A?B	s__Ruminococcus_obeum	s__Eubacterium_ventriosum	o__Clostridiales	--	--	r__Root|k__Bacteria|p__Firmicutes|c__Clostridia|o__Clostridiales|f__Lachnospiraceae|g__Blautia|s__Ruminococcus_obeum	r__Root|k__Bacteria|p__Firmicutes|c__Clostridia|o__Clostridiales|f__Eubacteriaceae|g__Eubacterium|s__Eubacterium_ventriosum	73:843:+|989:1777:+|1904:2115:+	UniRef50_R9LLR6|UniRef50_C6LD70|UniRef50_D4C6S5	UniRef90_K1TPZ5|UniRef90_A5Z4V3|UniRef90_unknown
megahit_18008	lgt	36178	0.8272	0.9605	AAAA*AAAAAAAAAAAAABAAAAA	A?B	s__Clostridium_sp_KLE_1755	s__Lachnospiraceae_bacterium_3_1_57FAA_CT1	o__Clostridiales	--	--	r__Root|k__Bacteria|p__Firmicutes|c__Clostridia|o__Clostridiales|f__Clostridiaceae|g__Clostridium|s__Clostridium_sp_KLE_1755	r__Root|k__Bacteria|p__Firmicutes|c__Clostridia|o__Clostridiales|f__Lachnospiraceae|g__Lachnospiraceae_noname|s__Lachnospiraceae_bacterium_3_1_57FAA_CT1	450:686:+|837:1515:+|1611:2513:-|3262:5043:+|5048:6808:+|7038:8156:+|8627:9580:+|10379:10873:+|11972:12614:+|12856:13616:+|13896:14675:+|14735:15292:+|15327:16136:+|16318:17673:-|17852:18496:+|18523:19065:+|19083:20114:+|20111:21616:+|23455:24820:+|28862:29728:-|29923:30915:+|30943:31866:+|31892:33562:+|33629:34801:+	UniRef50_U2CVD9|UniRef50_A9KL15|UniRef50_F2JRV1|UniRef50_R7D6B5|UniRef50_R6VS58|UniRef50_U2BDH2|UniRef50_F7KGQ9|UniRef50_U2CSE4|UniRef50_R5HH80|UniRef50_U2BDG3|UniRef50_R6TMV6|UniRef50_U2CSD7|UniRef50_A9KSX2|UniRef50_U2CLY3|UniRef50_D4LG86|UniRef50_R6P0K3|UniRef50_R5RMY4|UniRef50_U2BEF0|UniRef50_D6DLA3|UniRef50_U2AWJ7|UniRef50_X4ZEW8|UniRef50_R6Y9U0|UniRef50_U2CSC0|UniRef50_R6CT36	UniRef90_U2CVD9|UniRef90_U2AWM8|UniRef90_U2BEH3|UniRef90_U2CM04|UniRef90_unknown|UniRef90_U2BDH2|UniRef90_U2AWM4|UniRef90_U2CSE4|UniRef90_U2BEG7|UniRef90_U2BDG3|UniRef90_U2CLZ1|UniRef90_U2CSD7|UniRef90_U2BDF8|UniRef90_U2CLY3|UniRef90_U2CSC8|UniRef90_U2BDF0|UniRef90_U2AWK2|UniRef90_U2BEF0|UniRef90_F7KEW6|UniRef90_U2AWJ7|UniRef90_U2BEE8|UniRef90_U2CLX4|UniRef90_U2CSC0|UniRef90_U2BDE1
megahit_1842	lgt	8250	0.8792	0.9481	ABB	A?B	s__Butyrivibrio_crossotus	s__Eubacterium_rectale	o__Clostridiales	--	--	r__Root|k__Bacteria|p__Firmicutes|c__Clostridia|o__Clostridiales|f__Lachnospiraceae|g__Butyrivibrio|s__Butyrivibrio_crossotus	r__Root|k__Bacteria|p__Firmicutes|c__Clostridia|o__Clostridiales|f__Eubacteriaceae|g__Eubacterium|s__Eubacterium_rectale	332:571:+|6621:7152:-|7183:7527:-	UniRef50_C4ZFG4|UniRef50_C4ZFQ9|UniRef50_C4ZFQ8	UniRef90_D4RZM7|UniRef90_C4ZFQ9|UniRef90_C4ZFQ8
megahit_18598	lgt	4282	0.9820	0.9940	AAB	A?B	s__Bacteroides_ovatus	s__Tannerella_sp_6_1_58FAA_CT1	o__Bacteroidales	--	--	r__Root|k__Bacteria|p__Bacteroidetes|c__Bacteroidia|o__Bacteroidales|f__Bacteroidaceae|g__Bacteroides|s__Bacteroides_ovatus	r__Root|k__Bacteria|p__Bacteroidetes|c__Bacteroidia|o__Bacteroidales|f__Porphyromonadaceae|g__Tannerella|s__Tannerella_sp_6_1_58FAA_CT1	198:1475:+|1767:2216:+|2687:4107:-	UniRef50_Q64TE6|UniRef50_R6JJF6|UniRef50_W0EW70	UniRef90_D4WIG2|UniRef90_E5C7G0|UniRef90_W0EW70
megahit_18927	lgt	6558	0.8238	0.8515	ABBBBB	A?B	s__Catonella_morbi	s__Faecalibacterium_prausnitzii	o__Clostridiales	--	--	r__Root|k__Bacteria|p__Firmicutes|c__Clostridia|o__Clostridiales|f__Lachnospiraceae|g__Catonella|s__Catonella_morbi	r__Root|k__Bacteria|p__Firmicutes|c__Clostridia|o__Clostridiales|f__Ruminococcaceae|g__Faecalibacterium|s__Faecalibacterium_prausnitzii	2:345:-|1969:2668:-|2688:3291:-|3284:3946:-|4674:5517:-|6011:6558:-	UniRef50_C4ZCX6|UniRef50_A8S8S5|UniRef50_A8S8S7|UniRef50_R7B339|UniRef50_R5IJE6|UniRef50_A8S8T1	UniRef90_C4ZCX6|UniRef90_A8S8S5|UniRef90_A8S8S7|UniRef90_C7H7E5|UniRef90_D4JYW6|UniRef90_A8S8T1
megahit_19136	lgt	13130	0.8191	0.9475	ABAAAAA	B>A	s__Coprococcus_comes	s__Ruminococcus_torques	f__Lachnospiraceae	--	--	r__Root|k__Bacteria|p__Firmicutes|c__Clostridia|o__Clostridiales|f__Lachnospiraceae|g__Coprococcus|s__Coprococcus_comes	r__Root|k__Bacteria|p__Firmicutes|c__Clostridia|o__Clostridiales|f__Lachnospiraceae|g__Blautia|s__Ruminococcus_torques	1:404:+|460:672:+|936:1295:+|1299:2980:+|2985:5045:+|5085:6308:-|6437:7253:+	UniRef50_R6LP50|UniRef50_D4LT04|UniRef50_E0RWA4|UniRef50_R5CE68|UniRef50_D6DK02|UniRef50_R6LP54|UniRef50_C4Z7Z7	UniRef90_R6LP50|UniRef90_R5R1S7|UniRef90_R6LT65|UniRef90_R6MHB6|UniRef90_R6LCS4|UniRef90_R6LP54|UniRef90_R6LHJ6
megahit_19283	lgt	3078	0.9955	0.9957	AB	A?B	s__Bacteroides_sp_4_3_47FAA	s__Bacteroides_massiliensis	g__Bacteroides	--	--	r__Root|k__Bacteria|p__Bacteroidetes|c__Bacteroidia|o__Bacteroidales|f__Bacteroidaceae|g__Bacteroides|s__Bacteroides_sp_4_3_47FAA	r__Root|k__Bacteria|p__Bacteroidetes|c__Bacteroidia|o__Bacteroidales|f__Bacteroidaceae|g__Bacteroides|s__Bacteroides_massiliensis	1:258:-|280:1624:-	UniRef50_G1UMM8|UniRef50_R5WEN4	UniRef90_G1UMM8|UniRef90_U6RHW7
megahit_19565	lgt	1689	0.8923	0.9234	AAAB	A?B	s__Lachnospiraceae_bacterium_1_4_56FAA	s__Dorea_formicigenerans	f__Lachnospiraceae	--	--	r__Root|k__Bacteria|p__Firmicutes|c__Clostridia|o__Clostridiales|f__Lachnospiraceae|g__Lachnospiraceae_noname|s__Lachnospiraceae_bacterium_1_4_56FAA	r__Root|k__Bacteria|p__Firmicutes|c__Clostridia|o__Clostridiales|f__Lachnospiraceae|g__Dorea|s__Dorea_formicigenerans	1:520:-|528:846:-|965:1192:+|1429:1689:-	UniRef50_A6TV58|UniRef50_B5CRV0|UniRef50_C9LAZ1|UniRef50_R6W7M8	UniRef90_F7JID3|UniRef90_F7JID2|UniRef90_F7JID1|UniRef90_D4LZS2
megahit_19597	lgt	7423	0.9530	0.9766	ABBBBBB	A?B	g__Bacteroides	s__Parabacteroides_merdae	o__Bacteroidales	s__Bacteroides_cellulosilyticus; s__Bacteroides_fragilis; s__Bacteroides_intestinalis; s__Bacteroides_sp_D2; s__Bacteroides_thetaiotaomicron; s__Bacteroides_xylanisolvens	--	r__Root|k__Bacteria|p__Bacteroidetes|c__Bacteroidia|o__Bacteroidales|f__Bacteroidaceae|g__Bacteroides	r__Root|k__Bacteria|p__Bacteroidetes|c__Bacteroidia|o__Bacteroidales|f__Porphyromonadaceae|g__Parabacteroides|s__Parabacteroides_merdae	1:717:-|991:1233:-|1800:3550:-|3547:5124:-|5238:5651:-|5827:6918:+|6897:7358:+	UniRef50_G8UI78|UniRef50_A7AG42|UniRef50_R6DQP6|UniRef50_A6LCK8|UniRef50_R6WW45|UniRef50_R6X9C2|UniRef50_R7DH76	UniRef90_D6D2V9|UniRef90_A7AG42|UniRef90_R5DE85|UniRef90_R5DJY6|UniRef90_R6WUC8|UniRef90_R6X9C2|UniRef90_R6Y3G1
megahit_1962	lgt	1116	0.8750	0.9092	AB	A?B	s__Lachnospiraceae_bacterium_5_1_63FAA	s__Clostridium_nexile	o__Clostridiales	--	--	r__Root|k__Bacteria|p__Firmicutes|c__Clostridia|o__Clostridiales|f__Lachnospiraceae|g__Lachnospiraceae_noname|s__Lachnospiraceae_bacterium_5_1_63FAA	r__Root|k__Bacteria|p__Firmicutes|c__Clostridia|o__Clostridiales|f__Clostridiaceae|g__Clostridium|s__Clostridium_nexile	274:477:-|587:1116:-	UniRef50_Q97LN4|UniRef50_B6FIR6	UniRef90_U5F8A9|UniRef90_B6FIR6
megahit_19732	lgt	6386	0.9738	0.9866	AABBB	A?B	s__Eubacterium_ramulus	s__Ruminococcus_torques	o__Clostridiales	--	--	r__Root|k__Bacteria|p__Firmicutes|c__Clostridia|o__Clostridiales|f__Eubacteriaceae|g__Eubacterium|s__Eubacterium_ramulus	r__Root|k__Bacteria|p__Firmicutes|c__Clostridia|o__Clostridiales|f__Lachnospiraceae|g__Blautia|s__Ruminococcus_torques	249:893:-|966:2435:+|2768:3334:-|3539:4759:+|4761:6170:+	UniRef50_F9Y252|UniRef50_G0VRJ9|UniRef50_R6NSE0|UniRef50_D6GRL9|UniRef50_B2V3D0	UniRef90_R5U5G5|UniRef90_R5TZ99|UniRef90_D4M2H8|UniRef90_D4M2H9|UniRef90_D4M2I0
megahit_20007	lgt	1617	0.9946	0.9961	AB	A?B	s__Coprococcus_catus	s__Enterocytozoon_bieneusi	r__Root	--	--	r__Root|k__Bacteria|p__Firmicutes|c__Clostridia|o__Clostridiales|f__Lachnospiraceae|g__Coprococcus|s__Coprococcus_catus	r__Root|k__Eukaryota|p__Microsporidia|c__Microsporidia_noname|o__Microsporidia_noname|f__Enterocytozoonidae|g__Enterocytozoon|s__Enterocytozoon_bieneusi	1:411:-|1248:1617:-	UniRef50_W6AES9|UniRef50_B7XR47	UniRef90_D4J573|UniRef90_B7XR47
megahit_20036	lgt	34125	0.8236	0.9662	AAAAAAAAAAAAAAAAAB	A?B	s__Clostridium_sp_KLE_1755	s__Clostridium_clostridioforme	g__Clostridium	--	--	r__Root|k__Bacteria|p__Firmicutes|c__Clostridia|o__Clostridiales|f__Clostridiaceae|g__Clostridium|s__Clostridium_sp_KLE_1755	r__Root|k__Bacteria|p__Firmicutes|c__Clostridia|o__Clostridiales|f__Clostridiaceae|g__Clostridium|s__Clostridium_clostridioforme	662:2677:-|2785:3618:-|3821:4672:-|4685:5604:-|5732:6843:-|11081:11787:+|11847:12515:-|12613:14236:-|14279:14662:+|14696:15610:+|16862:17684:+|17759:17997:-|18005:19232:-|26871:28223:-|29884:31206:-|31224:32337:+|32356:32817:-|33684:34125:+	UniRef50_R6ZIR7|UniRef50_R5ACX4|UniRef50_C6CRB2|UniRef50_C6D6Y0|UniRef50_U2BJF1|UniRef50_N9XAT4|UniRef50_U2CSX2|UniRef50_U2CYJ0|UniRef50_R5T9V3|UniRef50_S6BZP2|UniRef50_H2JFY7|UniRef50_F7KFV7|UniRef50_F7KFW0|UniRef50_C4Z1Z8|UniRef50_O34645|UniRef50_U2CSU9|UniRef50_R5ULC4|UniRef50_N9ZAS7	UniRef90_U2B2J7|UniRef90_U2BKL9|UniRef90_U2CSY3|UniRef90_F7KFS5|UniRef90_U2BJF1|UniRef90_U2BKK3|UniRef90_U2CSX2|UniRef90_U2CYJ0|UniRef90_U2B2H9|UniRef90_U2BKJ9|UniRef90_U2CYH3|UniRef90_F7KFV7|UniRef90_U2CSV3|UniRef90_U2CYG8|UniRef90_U2BKI0|UniRef90_U2CSU9|UniRef90_F7KFW5|UniRef90_N9Y9J2
megahit_20332	lgt	1029	0.9530	0.9577	AB	A?B	s__Clostridium_clostridioforme	s__Clostridium_bolteae	g__Clostridium	--	--	r__Root|k__Bacteria|p__Firmicutes|c__Clostridia|o__Clostridiales|f__Clostridiaceae|g__Clostridium|s__Clostridium_clostridioforme	r__Root|k__Bacteria|p__Firmicutes|c__Clostridia|o__Clostridiales|f__Clostridiaceae|g__Clostridium|s__Clostridium_bolteae	1:480:+|485:718:-	UniRef50_R0D6N6|UniRef50_R0C4T9	UniRef90_R0D6N6|UniRef90_R0C4T9
megahit_20583	lgt	2251	0.8080	0.8370	AB	A?B	s__Peptoniphilus_sp_JC140	s__Peptoniphilus_sp_ph5	g__Peptoniphilus	--	--	r__Root|k__Bacteria|p__Firmicutes|c__Clostridia|o__Clostridiales|f__Clostridiales_Family_XI_Incertae_Sedis|g__Peptoniphilus|s__Peptoniphilus_sp_JC140	r__Root|k__Bacteria|p__Firmicutes|c__Clostridia|o__Clostridiales|f__Clostridiales_Family_XI_Incertae_Sedis|g__Peptoniphilus|s__Peptoniphilus_sp_ph5	1:834:-|824:2020:-	UniRef50_E4KX51|UniRef50_E4KX52	UniRef90_UPI0002E658F6|UniRef90_unknown
megahit_20880	lgt	1623	0.8971	0.9663	AABB	A?B	s__Roseburia_intestinalis	s__Butyrivibrio_crossotus	f__Lachnospiraceae	--	--	r__Root|k__Bacteria|p__Firmicutes|c__Clostridia|o__Clostridiales|f__Lachnospiraceae|g__Roseburia|s__Roseburia_intestinalis	r__Root|k__Bacteria|p__Firmicutes|c__Clostridia|o__Clostridiales|f__Lachnospiraceae|g__Butyrivibrio|s__Butyrivibrio_crossotus	3:219:-|212:550:-|807:1187:+|1180:1536:+	UniRef50_D4KLQ8|UniRef50_R6ARE7|UniRef50_R6EKS2|UniRef50_D4JGG1	UniRef90_D4KLQ8|UniRef90_R6ARE7|UniRef90_R6EKS2|UniRef90_R6EDP8
megahit_21005	lgt	7498	0.8147	0.9353	ABBBBB	A?B	s__Oscillibacter_sp_1_3	s__Lachnospiraceae_bacterium_7_1_58FAA	o__Clostridiales	--	--	r__Root|k__Bacteria|p__Firmicutes|c__Clostridia|o__Clostridiales|f__Oscillospiraceae|g__Oscillibacter|s__Oscillibacter_sp_1_3	r__Root|k__Bacteria|p__Firmicutes|c__Clostridia|o__Clostridiales|f__Lachnospiraceae|g__Lachnospiraceae_noname|s__Lachnospiraceae_bacterium_7_1_58FAA	2122:2871:+|4038:5489:-|5607:6224:+|6226:6507:+|6504:6899:+|6899:7498:+	UniRef50_Q832A8|UniRef50_J9CHC8|UniRef50_R6U8B4|UniRef50_H1CJ30|UniRef50_R6HL20|UniRef50_H1CJ28	UniRef90_R9MD21|UniRef90_unknown|UniRef90_H1CJ31|UniRef90_H1CJ30|UniRef90_H1CJ29|UniRef90_H1CJ28
megahit_21007	lgt	5943	0.9519	0.9865	AAAAAABB	A?B	s__Eubacterium_ramulus	s__Clostridium_difficile	o__Clostridiales	--	--	r__Root|k__Bacteria|p__Firmicutes|c__Clostridia|o__Clostridiales|f__Eubacteriaceae|g__Eubacterium|s__Eubacterium_ramulus	r__Root|k__Bacteria|p__Firmicutes|c__Clostridia|o__Clostridiales|f__Peptostreptococcaceae|g__Peptostreptococcaceae_noname|s__Clostridium_difficile	1:795:+|799:1422:+|1733:2038:+|2058:2522:+|2538:3248:+|3311:3925:+|4386:5051:+|5140:5943:+	UniRef50_R5THK3|UniRef50_R5TP98|UniRef50_R5KRG9|UniRef50_R5U231|UniRef50_R5U851|UniRef50_R5THK8|UniRef50_R6RR33|UniRef50_R6N892	UniRef90_R5THK3|UniRef90_R5TP98|UniRef90_R5THN5|UniRef90_R5U231|UniRef90_R5U851|UniRef90_R5THK8|UniRef90_T4P1T3|UniRef90_T4P7X4
megahit_21223	lgt	8316	0.9352	0.9803	AA*BBBBB	A?B	g__Bacteroides	g__Parabacteroides	o__Bacteroidales	--	--	r__Root|k__Bacteria|p__Bacteroidetes|c__Bacteroidia|o__Bacteroidales|f__Bacteroidaceae|g__Bacteroides	r__Root|k__Bacteria|p__Bacteroidetes|c__Bacteroidia|o__Bacteroidales|f__Porphyromonadaceae|g__Parabacteroides	1:572:+|590:859:+|979:1572:+|2081:2485:+|2546:4372:-|4242:6331:-|6499:7851:-|7866:8316:-	UniRef50_Q64S61|UniRef50_E4VVD4|UniRef50_R6HXK8|UniRef50_R6TJH6|UniRef50_K5YV86|UniRef50_R5DLC0|UniRef50_R5UX10|UniRef50_X5E027	UniRef90_B5D0V2|UniRef90_E4VVD4|UniRef90_K5Y1P9|UniRef90_R6WV05|UniRef90_K5YV86|UniRef90_R5DLC0|UniRef90_R5DBB8|UniRef90_R5DFJ0
megahit_21339	lgt	1998	0.9738	0.9804	AB	A?B	s__Anaerostipes_hadrus	s__Roseburia_intestinalis	f__Lachnospiraceae	--	--	r__Root|k__Bacteria|p__Firmicutes|c__Clostridia|o__Clostridiales|f__Lachnospiraceae|g__Anaerostipes|s__Anaerostipes_hadrus	r__Root|k__Bacteria|p__Firmicutes|c__Clostridia|o__Clostridiales|f__Lachnospiraceae|g__Roseburia|s__Roseburia_intestinalis	240:1525:+|1535:1811:+	UniRef50_R9U3V1|UniRef50_D4KNZ6	UniRef90_L1Q6P2|UniRef90_D4KNZ6
megahit_21704	lgt	6640	0.8376	0.9471	AAABAA	B>A	s__Roseburia_inulinivorans	s__Coprococcus_catus	f__Lachnospiraceae	--	--	r__Root|k__Bacteria|p__Firmicutes|c__Clostridia|o__Clostridiales|f__Lachnospiraceae|g__Roseburia|s__Roseburia_inulinivorans	r__Root|k__Bacteria|p__Firmicutes|c__Clostridia|o__Clostridiales|f__Lachnospiraceae|g__Coprococcus|s__Coprococcus_catus	1:215:+|505:1329:+|1352:1758:+|2179:2953:+|5035:5946:+|6012:6488:-	UniRef50_E6SWF5|UniRef50_R7C6T7|UniRef50_O08450|UniRef50_R6C0G7|UniRef50_S6BGW7|UniRef50_R5HQ90	UniRef90_D4JKS1|UniRef90_unknown|UniRef90_R5HQ86|UniRef90_D4JBL5|UniRef90_R5HL27|UniRef90_R5HQ90
megahit_21753	lgt	69322	0.8107	0.9623	AAAAAAAAAAAAAAAAAAAAAAAAAAABAAAAAAAAAAAAAAAA	B>A	g__Bacteroides	g__Prevotella	o__Bacteroidales	--	--	r__Root|k__Bacteria|p__Bacteroidetes|c__Bacteroidia|o__Bacteroidales|f__Bacteroidaceae|g__Bacteroides	r__Root|k__Bacteria|p__Bacteroidetes|c__Bacteroidia|o__Bacteroidales|f__Prevotellaceae|g__Prevotella	339:3632:+|3711:4049:+|4166:5227:-|5233:5820:-|9523:10641:-|10740:11795:+|11798:13240:+|13243:14619:+|14650:16776:+|16882:18813:-|19047:19260:-|19274:19510:-|19523:20014:-|20028:20663:-|20688:21518:-|21540:23435:-|23460:23885:-|24133:25053:-|25053:25667:-|25684:28329:-|31739:33297:+|33310:34554:+|34730:36437:+|36475:37832:+|37845:38238:+|38254:39465:+|39474:40038:-|40085:41299:-|45606:45819:-|46854:50003:+|50021:51940:+|51955:52818:+|52960:54120:+|54518:54994:+|55077:56279:+|56274:56960:-|56960:58390:-|58485:60597:+|60706:61134:-|61146:62174:-|62197:63954:-|64031:64945:+|64960:66024:+|66841:69322:-	UniRef50_R7NW25|UniRef50_R7NSB8|UniRef50_U6R7L2|UniRef50_U6RAG4|UniRef50_R7NS93|UniRef50_Q7W4T6|UniRef50_R6MJ95|UniRef50_R5NYT6|UniRef50_R5RR30|UniRef50_unknown|UniRef50_W7D370|UniRef50_R7NQ94|UniRef50_R7NSH3|UniRef50_R7NU02|UniRef50_R7NU46|UniRef50_A9BSI9|UniRef50_R7NSB7|UniRef50_R5UTD2|UniRef50_R7NU08|UniRef50_R7NU51|UniRef50_R5NEP8|UniRef50_R5S5S9|UniRef50_F0R488|UniRef50_R5NEP3|UniRef50_Q8A3G0|UniRef50_Q8A3F9|UniRef50_F0R4W3|UniRef50_UPI00035C5630|UniRef50_I9RXN8|UniRef50_R5V0V4|UniRef50_E6SUF8|UniRef50_R7NSD0|UniRef50_R5GT82|UniRef50_R5F9J0|UniRef50_R7NSJ3|UniRef50_E6SUV1|UniRef50_R6HN63|UniRef50_R7NQC7|UniRef50_W0EW28|UniRef50_R5V0C7|UniRef50_R5KUW1|UniRef50_R7H9L1|UniRef50_Q890U0|UniRef50_U6RFA2	UniRef90_unknown|UniRef90_R7NSB8|UniRef90_U6R7L2|UniRef90_U6RAG4|UniRef90_R7NS93|UniRef90_Q5LIX0|UniRef90_R6UX43|UniRef90_R7NS99|UniRef90_unknown|UniRef90_unknown|UniRef90_unknown|UniRef90_R7NQ94|UniRef90_R7NSH3|UniRef90_R7NU02|UniRef90_R7NU46|UniRef90_R6HNB1|UniRef90_R7NSB7|UniRef90_R7NSH7|UniRef90_R7NU08|UniRef90_unknown|UniRef90_E5UNG7|UniRef90_F0R487|UniRef90_R5NFP1|UniRef90_D4WJX4|UniRef90_F0R4W1|UniRef90_R5NFN8|UniRef90_C6IHT7|UniRef90_UPI00035C5630|UniRef90_unknown|UniRef90_R7NSI2|UniRef90_unknown|UniRef90_R7NSD0|UniRef90_R7NSI8|UniRef90_R7NQC1|UniRef90_R7NSJ3|UniRef90_R7NU24|UniRef90_R7NU62|UniRef90_R7NQC7|UniRef90_R5MR58|UniRef90_R7NU29|UniRef90_R7NU66|UniRef90_R7NQD5|UniRef90_R7NSE7|UniRef90_U6RFA2
megahit_2176	lgt	4399	0.9127	0.9501	AAB	A?B	s__Bacteroides_massiliensis	s__Bacteroides_salanitronis	g__Bacteroides	--	--	r__Root|k__Bacteria|p__Bacteroidetes|c__Bacteroidia|o__Bacteroidales|f__Bacteroidaceae|g__Bacteroides|s__Bacteroides_massiliensis	r__Root|k__Bacteria|p__Bacteroidetes|c__Bacteroidia|o__Bacteroidales|f__Bacteroidaceae|g__Bacteroides|s__Bacteroides_salanitronis	140:2565:+|2610:3473:+|3762:4115:+	UniRef50_U6RFU0|UniRef50_U6RBQ8|UniRef50_A6L6H6	UniRef90_U6RFU0|UniRef90_U6RBQ8|UniRef90_F0R4R3
megahit_21903	lgt	3035	0.9107	0.9372	AAAB	A?B	s__Paraprevotella_xylaniphila	s__Bacteroides_fragilis	o__Bacteroidales	--	--	r__Root|k__Bacteria|p__Bacteroidetes|c__Bacteroidia|o__Bacteroidales|f__Prevotellaceae|g__Paraprevotella|s__Paraprevotella_xylaniphila	r__Root|k__Bacteria|p__Bacteroidetes|c__Bacteroidia|o__Bacteroidales|f__Bacteroidaceae|g__Bacteroides|s__Bacteroides_fragilis	325:951:+|948:1774:+|1797:2411:+|2489:3035:+	UniRef50_R7HME2|UniRef50_R6VQB5|UniRef50_R5D9Z5|UniRef50_R7K7D1	UniRef90_R5YJ54|UniRef90_R5Y3D6|UniRef90_F3QYQ0|UniRef90_Q5LGD9
megahit_22238	lgt	1067	0.9455	0.9727	AB	A?B	f__Lachnospiraceae	s__Eubacterium_ramulus	o__Clostridiales	g__Blautia|s__Blautia_sp_KLE_1732; g__Dorea|s__Dorea_formicigenerans	--	r__Root|k__Bacteria|p__Firmicutes|c__Clostridia|o__Clostridiales|f__Lachnospiraceae	r__Root|k__Bacteria|p__Firmicutes|c__Clostridia|o__Clostridiales|f__Eubacteriaceae|g__Eubacterium|s__Eubacterium_ramulus	173:499:+|515:772:-	UniRef50_C0BCA1|UniRef50_U2PSL6	UniRef90_C0BCA1|UniRef90_U2PSL6
megahit_229	lgt	1736	0.8414	0.9124	AB	A?B	s__Roseburia_inulinivorans	s__Dorea_sp_5_2	f__Lachnospiraceae	--	--	r__Root|k__Bacteria|p__Firmicutes|c__Clostridia|o__Clostridiales|f__Lachnospiraceae|g__Roseburia|s__Roseburia_inulinivorans	r__Root|k__Bacteria|p__Firmicutes|c__Clostridia|o__Clostridiales|f__Lachnospiraceae|g__Dorea|s__Dorea_sp_5_2	1017:1435:+|1466:1736:-	UniRef50_C0FPA0|UniRef50_R9NLP3	UniRef90_C0FPA0|UniRef90_R9NLP3
megahit_23581	lgt	14531	0.8806	0.9766	ABAAAAAAAAAAAAA	B>A	o__Clostridiales	o__Bifidobacteriales	k__Bacteria	--	--	r__Root|k__Bacteria|p__Firmicutes|c__Clostridia|o__Clostridiales	r__Root|k__Bacteria|p__Actinobacteria|c__Actinobacteria|o__Bifidobacteriales	1:272:-|501:774:+|3047:4041:+|4071:4340:-|4402:5064:-|5256:5498:-|5614:5988:-|6136:6468:-|6541:7128:-|7155:8903:-|8900:10663:-|10660:12138:-|12144:12869:-|12872:13474:-|13549:14160:-	UniRef50_D4LWU5|UniRef50_U2CVU7|UniRef50_R7N7D1|UniRef50_G1WVX1|UniRef50_G1WVX2|UniRef50_R6NKL9|UniRef50_N9W7G7|UniRef50_U2DUR7|UniRef50_G1WVX6|UniRef50_B9DYP5|UniRef50_R5K3M5|UniRef50_U2C1C6|UniRef50_U2D8Q8|UniRef50_U2DEA3|UniRef50_B8FT25	UniRef90_D4ML05|UniRef90_U2CVU7|UniRef90_B5CN97|UniRef90_G1WVX1|UniRef90_G1WVX2|UniRef90_G1WVX3|UniRef90_C6J953|UniRef90_G1WVX5|UniRef90_G1WVX6|UniRef90_G1WVX7|UniRef90_G1WVX8|UniRef90_G1WVX9|UniRef90_G1WVY0|UniRef90_G1WVY1|UniRef90_G1WVY2
megahit_23754	lgt	6663	0.8039	0.8542	AB	A?B	s__Bacteroides_dorei	s__Bacteroides_sp_3_1_33FAA	g__Bacteroides	--	--	r__Root|k__Bacteria|p__Bacteroidetes|c__Bacteroidia|o__Bacteroidales|f__Bacteroidaceae|g__Bacteroides|s__Bacteroides_dorei	r__Root|k__Bacteria|p__Bacteroidetes|c__Bacteroidia|o__Bacteroidales|f__Bacteroidaceae|g__Bacteroides|s__Bacteroides_sp_3_1_33FAA	153:2357:+|6442:6659:-	UniRef50_I9F997|UniRef50_D1K579	UniRef90_I9F997|UniRef90_D1K9Q6
megahit_23820	lgt	17110	0.8012	0.9363	AAAAAAAABAAAAAA	B>A	s__Coprococcus_comes	s__Ruminococcus_torques	f__Lachnospiraceae	--	--	r__Root|k__Bacteria|p__Firmicutes|c__Clostridia|o__Clostridiales|f__Lachnospiraceae|g__Coprococcus|s__Coprococcus_comes	r__Root|k__Bacteria|p__Firmicutes|c__Clostridia|o__Clostridiales|f__Lachnospiraceae|g__Blautia|s__Ruminococcus_torques	329:1204:+|1197:2387:+|2477:2719:+|2785:4941:+|4962:5407:+|5530:6144:+|8961:9239:-|9241:10532:-|11913:12225:+|13126:13821:-|14035:14442:+|14456:14791:+|14890:15531:-|15703:16269:+|16309:16804:+	UniRef50_R6KNF6|UniRef50_R6MIJ2|UniRef50_R5T6G4|UniRef50_R7B610|UniRef50_B7HEC5|UniRef50_R5TX50|UniRef50_R6FZS0|UniRef50_C8WHR5|UniRef50_R5IV71|UniRef50_R5QC40|UniRef50_R5UIH4|UniRef50_R5XYU3|UniRef50_R5K3D0|UniRef50_R5RFL7|UniRef50_R7JWM6	UniRef90_R6LDZ6|UniRef90_R6MIJ2|UniRef90_R6LUA6|UniRef90_unknown|UniRef90_R6LQ88|UniRef90_R6LDZ2|UniRef90_R6MII7|UniRef90_R6LUA2|UniRef90_R6PGT4|UniRef90_R6LDY8|UniRef90_R6MII3|UniRef90_R6LU98|UniRef90_R6LIN1|UniRef90_R6LQ79|UniRef90_R6LDY5
megahit_23843	lgt	12631	0.8121	0.8477	AB	A?B	s__Parvimonas_micra	s__Peptoniphilus_sp_oral_taxon_386	f__Clostridiales_Family_XI_Incertae_Sedis	--	--	r__Root|k__Bacteria|p__Firmicutes|c__Clostridia|o__Clostridiales|f__Clostridiales_Family_XI_Incertae_Sedis|g__Parvimonas|s__Parvimonas_micra	r__Root|k__Bacteria|p__Firmicutes|c__Clostridia|o__Clostridiales|f__Clostridiales_Family_XI_Incertae_Sedis|g__Peptoniphilus|s__Peptoniphilus_sp_oral_taxon_386	1:536:+|730:1353:+	UniRef50_O68584|UniRef50_E0QGD3	UniRef90_S8PHB0|UniRef90_D7N7F3
megahit_23927	lgt	4838	0.8414	0.8846	AAAB	A?B	f__Ruminococcaceae	f__Oscillospiraceae	o__Clostridiales	--	--	r__Root|k__Bacteria|p__Firmicutes|c__Clostridia|o__Clostridiales|f__Ruminococcaceae	r__Root|k__Bacteria|p__Firmicutes|c__Clostridia|o__Clostridiales|f__Oscillospiraceae	398:751:+|738:1556:+|2827:3085:+|4061:4795:+	UniRef50_U2QGY9|UniRef50_F4XHI7|UniRef50_R5A7P9|UniRef50_F6DJU8	UniRef90_F4XHI8|UniRef90_F4XHI7|UniRef90_R5A7P9|UniRef90_U2QUZ6
megahit_23948	lgt	801	0.9378	0.9590	AB	A?B	s__Lachnospiraceae_bacterium_5_1_63FAA	s__Eubacterium_hallii	o__Clostridiales	--	--	r__Root|k__Bacteria|p__Firmicutes|c__Clostridia|o__Clostridiales|f__Lachnospiraceae|g__Lachnospiraceae_noname|s__Lachnospiraceae_bacterium_5_1_63FAA	r__Root|k__Bacteria|p__Firmicutes|c__Clostridia|o__Clostridiales|f__Eubacteriaceae|g__Eubacterium|s__Eubacterium_hallii	1:225:-|349:801:-	UniRef50_D4M426|UniRef50_C0EUU0	UniRef90_R5Z5Y1|UniRef90_C0EUU0
megahit_24158	lgt	2675	0.8488	0.9276	ABB	A?B	s__Roseburia_inulinivorans	s__Eubacterium_rectale	o__Clostridiales	--	--	r__Root|k__Bacteria|p__Firmicutes|c__Clostridia|o__Clostridiales|f__Lachnospiraceae|g__Roseburia|s__Roseburia_inulinivorans	r__Root|k__Bacteria|p__Firmicutes|c__Clostridia|o__Clostridiales|f__Eubacteriaceae|g__Eubacterium|s__Eubacterium_rectale	1:972:-|1368:2377:-|2432:2673:-	UniRef50_unknown|UniRef50_R6GPY0|UniRef50_C4ZHA5	UniRef90_unknown|UniRef90_D4JIN2|UniRef90_C4ZHA5
megahit_24726	lgt	2714	0.9406	0.9570	AB	A?B	s__Coprococcus_catus	s__Ruminococcus_lactaris	o__Clostridiales	--	--	r__Root|k__Bacteria|p__Firmicutes|c__Clostridia|o__Clostridiales|f__Lachnospiraceae|g__Coprococcus|s__Coprococcus_catus	r__Root|k__Bacteria|p__Firmicutes|c__Clostridia|o__Clostridiales|f__Ruminococcaceae|g__Ruminococcus|s__Ruminococcus_lactaris	1:1925:+|2042:2714:-	UniRef50_R6LM16|UniRef50_R7N7D1	UniRef90_D4JAC4|UniRef90_B5CN97
megahit_24765	lgt	1893	0.8680	0.9310	ABA	B>A	f__Lachnospiraceae	s__Eubacterium_siraeum	o__Clostridiales	g__Blautia|s__Ruminococcus_obeum; g__Coprococcus|s__Coprococcus_catus; g__Dorea|s__Dorea_formicigenerans	--	r__Root|k__Bacteria|p__Firmicutes|c__Clostridia|o__Clostridiales|f__Lachnospiraceae	r__Root|k__Bacteria|p__Firmicutes|c__Clostridia|o__Clostridiales|f__Eubacteriaceae|g__Eubacterium|s__Eubacterium_siraeum	1:481:+|526:1128:+|1448:1893:+	UniRef50_D4JAA2|UniRef50_R5VV94|UniRef50_R6REF3	UniRef90_D4JAA2|UniRef90_D4JRX1|UniRef90_R5QD19
megahit_25203	lgt	5370	0.8023	0.9676	ABBBBBB	A?B	s__Dorea_sp_5_2	g__Enterococcus	p__Firmicutes	--	s__Enterococcus_faecalis; s__Enterococcus_faecium	r__Root|k__Bacteria|p__Firmicutes|c__Clostridia|o__Clostridiales|f__Lachnospiraceae|g__Dorea|s__Dorea_sp_5_2	r__Root|k__Bacteria|p__Firmicutes|c__Bacilli|o__Lactobacillales|f__Enterococcaceae|g__Enterococcus	1:1427:+|1662:1934:+|1931:2416:+|2499:3569:+|3553:4185:+|4374:4733:+|4771:5370:+	UniRef50_A7WYS8|UniRef50_R5ERJ1|UniRef50_R5ENC0|UniRef50_A6NYL4|UniRef50_U7TV09|UniRef50_R6ZGB0|UniRef50_R9M7D5	UniRef90_R9NGG0|UniRef90_U7T157|UniRef90_U7T1S9|UniRef90_U7T1J8|UniRef90_U7T492|UniRef90_U7T2N4|UniRef90_U7T162
megahit_25472	lgt	11757	0.9684	0.9951	AABBBBBBBBBBBB	A?B	s__Lachnospiraceae_bacterium_7_1_58FAA	g__Oscillibacter	o__Clostridiales	--	s__Oscillibacter_sp_KLE_1728; s__Oscillibacter_sp_KLE_1745	r__Root|k__Bacteria|p__Firmicutes|c__Clostridia|o__Clostridiales|f__Lachnospiraceae|g__Lachnospiraceae_noname|s__Lachnospiraceae_bacterium_7_1_58FAA	r__Root|k__Bacteria|p__Firmicutes|c__Clostridia|o__Clostridiales|f__Oscillospiraceae|g__Oscillibacter	1:714:-|1055:2023:-|2232:3404:-|3410:3619:-|3635:3841:-|3858:4649:-|4636:6420:-|6517:7476:-|7621:8301:+|8365:8853:-|8850:9467:-|9464:10006:-|10026:11030:-|11166:11603:-	UniRef50_H1CIM5|UniRef50_D4JY19|UniRef50_G4KW08|UniRef50_R5PIU8|UniRef50_U2QEJ0|UniRef50_R6GPX6|UniRef50_F5YJG0|UniRef50_R9MF14|UniRef50_E6SLK4|UniRef50_U2QMH0|UniRef50_D7GWY0|UniRef50_E1R0W1|UniRef50_G4KVZ8|UniRef50_J2E7Z0	UniRef90_H1CIM5|UniRef90_H1CIM4|UniRef90_U2S6K1|UniRef90_U2QYM0|UniRef90_U2QEJ0|UniRef90_U2QXL2|UniRef90_U2SF31|UniRef90_U2S6K7|UniRef90_U2QYM5|UniRef90_U2QMH0|UniRef90_U2R5F7|UniRef90_U2SND2|UniRef90_U2SF00|UniRef90_U2R6E3
megahit_25501	lgt	6435	0.9460	0.9740	ABBB	A?B	s__Blautia_sp_KLE_1732	s__Bacteroides_pectinophilus	o__Clostridiales	--	--	r__Root|k__Bacteria|p__Firmicutes|c__Clostridia|o__Clostridiales|f__Lachnospiraceae|g__Blautia|s__Blautia_sp_KLE_1732	r__Root|k__Bacteria|p__Firmicutes|c__Clostridia|o__Clostridiales|f__Clostridiales_noname|g__Clostridiales_noname|s__Bacteroides_pectinophilus	494:2313:-|2896:5407:-|5407:5811:-|5821:6435:-	UniRef50_B0NGK2|UniRef50_G2T4X0|UniRef50_R5FDJ8|UniRef50_G2T4X2	UniRef90_U2EQ23|UniRef90_R5FBZ7|UniRef90_R5FDJ8|UniRef90_D4C8I7
megahit_25505	lgt	15271	0.8555	0.9362	AAABAAAAAAA	B>A	s__Coprococcus_comes	s__Eubacterium_rectale	o__Clostridiales	--	--	r__Root|k__Bacteria|p__Firmicutes|c__Clostridia|o__Clostridiales|f__Lachnospiraceae|g__Coprococcus|s__Coprococcus_comes	r__Root|k__Bacteria|p__Firmicutes|c__Clostridia|o__Clostridiales|f__Eubacteriaceae|g__Eubacterium|s__Eubacterium_rectale	1:1388:+|1406:2674:+|2678:3037:+|3334:4685:+|4706:5734:+|5735:6760:+|7218:7826:+|8200:9346:-|9490:9848:-|11845:14628:+|14618:15271:+	UniRef50_C0B588|UniRef50_R7N4H0|UniRef50_R7FZU7|UniRef50_D4JI55|UniRef50_R5HBG1|UniRef50_R6LDK7|UniRef50_R5RI84|UniRef50_C0B596|UniRef50_C0B597|UniRef50_R6S9E1|UniRef50_R7B070	UniRef90_C0B588|UniRef90_R6LTY9|UniRef90_R6LIC4|UniRef90_C4Z8L0|UniRef90_R6LPX5|UniRef90_R6LDK7|UniRef90_R6MI50|UniRef90_C0B596|UniRef90_C0B597|UniRef90_unknown|UniRef90_R6LDK3
megahit_26070	lgt	2535	0.8526	0.9011	AAB	A?B	s__Blautia_sp_KLE_1732	s__Ruminococcus_sp_5_1_39BFAA	o__Clostridiales	--	--	r__Root|k__Bacteria|p__Firmicutes|c__Clostridia|o__Clostridiales|f__Lachnospiraceae|g__Blautia|s__Blautia_sp_KLE_1732	r__Root|k__Bacteria|p__Firmicutes|c__Clostridia|o__Clostridiales|f__Ruminococcaceae|g__Ruminococcus|s__Ruminococcus_sp_5_1_39BFAA	155:511:+|661:1782:+|2219:2530:+	UniRef50_U2D0T4|UniRef50_R7K2S5|UniRef50_U2ETL9	UniRef90_U2D0T4|UniRef90_U2DI09|UniRef90_C6JB59
megahit_26072	lgt	940	0.9534	0.9730	AB	A?B	s__Catenibacterium_mitsuokai	s__Coprococcus_eutactus	p__Firmicutes	--	--	r__Root|k__Bacteria|p__Firmicutes|c__Erysipelotrichia|o__Erysipelotrichales|f__Erysipelotrichaceae|g__Catenibacterium|s__Catenibacterium_mitsuokai	r__Root|k__Bacteria|p__Firmicutes|c__Clostridia|o__Clostridiales|f__Lachnospiraceae|g__Coprococcus|s__Coprococcus_eutactus	1:428:-|492:896:-	UniRef50_R6W893|UniRef50_R6PU30	UniRef90_E2NWJ5|UniRef90_R7R6F9
megahit_26777	lgt	11652	0.8304	0.9143	AA*BBBBBB	A?B	s__Coriobacteriaceae_bacterium_BV3Ac1	s__Atopobium_sp_oral_taxon_810	f__Coriobacteriaceae	--	--	r__Root|k__Bacteria|p__Actinobacteria|c__Actinobacteria|o__Coriobacteriales|f__Coriobacteriaceae|g__Coriobacteriaceae_noname|s__Coriobacteriaceae_bacterium_BV3Ac1	r__Root|k__Bacteria|p__Actinobacteria|c__Actinobacteria|o__Coriobacteriales|f__Coriobacteriaceae|g__Atopobium|s__Atopobium_sp_oral_taxon_810	1:370:-|431:2950:-|3468:4220:+|4371:5228:-|5370:7124:-|7117:8865:-|9039:10160:+|10264:10901:-|11006:11650:+	UniRef50_O83092|UniRef50_C8WK91|UniRef50_R5GAG0|UniRef50_J5GPJ7|UniRef50_C8WH68|UniRef50_D4JXF6|UniRef50_U1Y319|UniRef50_U1WRM7|UniRef50_U1WST0	UniRef90_U2U046|UniRef90_U2TF85|UniRef90_U1XZA1|UniRef90_U1WRN1|UniRef90_U1W9Y3|UniRef90_U1WST4|UniRef90_U1Y319|UniRef90_U1WRM7|UniRef90_U1WST0
megahit_26976	lgt	26665	0.8001	0.9792	ABBBBBBBBBB**	A?B	s__Coprococcus_sp_HPP0074	s__Dorea_formicigenerans	f__Lachnospiraceae	--	--	r__Root|k__Bacteria|p__Firmicutes|c__Clostridia|o__Clostridiales|f__Lachnospiraceae|g__Coprococcus|s__Coprococcus_sp_HPP0074	r__Root|k__Bacteria|p__Firmicutes|c__Clostridia|o__Clostridiales|f__Lachnospiraceae|g__Dorea|s__Dorea_formicigenerans	4160:5464:+|6826:7773:+|8092:8307:-|8306:9529:+|9613:10413:+|10430:10936:+|10936:11373:+|11397:12350:+|12615:13924:+|14007:15314:-|15342:16715:-|24612:25040:+|25067:25459:+	UniRef50_F3AIC7|UniRef50_unknown|UniRef50_B0GAF3|UniRef50_Q891D3|UniRef50_R6SMY9|UniRef50_R6R7I0|UniRef50_R5GGL2|UniRef50_R5VQG0|UniRef50_D3R5Q5|UniRef50_R5DQ10|UniRef50_D9R736|UniRef50_Q8CRI9|UniRef50_Q8RGG8	UniRef90_S2Y594|UniRef90_unknown|UniRef90_B0GAF3|UniRef90_R6TJI3|UniRef90_R6SMY9|UniRef90_R6SG08|UniRef90_R6SU07|UniRef90_R6TJJ0|UniRef90_R7G2M9|UniRef90_R6SMZ6|UniRef90_R6SG13|UniRef90_R7FWP7|UniRef90_B0NDC3
megahit_27114	lgt	3718	0.8200	0.9540	ABBBBB	A?B	g__Oscillibacter	s__Eubacterium_ramulus	o__Clostridiales	s__Oscillibacter_sp_KLE_1728; s__Oscillibacter_sp_KLE_1745	--	r__Root|k__Bacteria|p__Firmicutes|c__Clostridia|o__Clostridiales|f__Oscillospiraceae|g__Oscillibacter	r__Root|k__Bacteria|p__Firmicutes|c__Clostridia|o__Clostridiales|f__Eubacteriaceae|g__Eubacterium|s__Eubacterium_ramulus	1:329:+|353:1372:+|1356:1896:+|2047:2361:+|2351:2938:+|3126:3560:+	UniRef50_A7GEQ3|UniRef50_R7CLA1|UniRef50_T4VGR7|UniRef50_D4MUR5|UniRef50_R5TGG3|UniRef50_R6GSL0	UniRef90_U2S3D7|UniRef90_U2RP85|UniRef90_unknown|UniRef90_unknown|UniRef90_R5TGG3|UniRef90_R5U0W3
megahit_27327	lgt	3959	0.8324	0.9280	AABA	B>A	s__Coprococcus_comes	s__Dorea_longicatena	f__Lachnospiraceae	--	--	r__Root|k__Bacteria|p__Firmicutes|c__Clostridia|o__Clostridiales|f__Lachnospiraceae|g__Coprococcus|s__Coprococcus_comes	r__Root|k__Bacteria|p__Firmicutes|c__Clostridia|o__Clostridiales|f__Lachnospiraceae|g__Dorea|s__Dorea_longicatena	1:598:+|780:1523:+|1660:2733:+|2872:3959:-	UniRef50_unknown|UniRef50_D3I9D0|UniRef50_C0B8L3|UniRef50_R6LAP0	UniRef90_unknown|UniRef90_R6LRT8|UniRef90_C0B8L3|UniRef90_R6LAP0
megahit_27666	lgt	1800	0.8050	0.8978	AB	A?B	s__Coprococcus_catus	s__Clostridium_sp_L2_50	o__Clostridiales	--	--	r__Root|k__Bacteria|p__Firmicutes|c__Clostridia|o__Clostridiales|f__Lachnospiraceae|g__Coprococcus|s__Coprococcus_catus	r__Root|k__Bacteria|p__Firmicutes|c__Clostridia|o__Clostridiales|f__Clostridiaceae|g__Clostridium|s__Clostridium_sp_L2_50	1:857:-|877:1800:-	UniRef50_R6K3S3|UniRef50_L9VJL3	UniRef90_D4JC51|UniRef90_R5KBN3
megahit_27851	lgt	4489	0.8582	0.9080	AB	A?B	s__Coprococcus_comes	s__Ruminococcus_gnavus	f__Lachnospiraceae	--	--	r__Root|k__Bacteria|p__Firmicutes|c__Clostridia|o__Clostridiales|f__Lachnospiraceae|g__Coprococcus|s__Coprococcus_comes	r__Root|k__Bacteria|p__Firmicutes|c__Clostridia|o__Clostridiales|f__Lachnospiraceae|g__Blautia|s__Ruminococcus_gnavus	2660:2920:+|2924:3571:+	UniRef50_C0BC26|UniRef50_A7AY33	UniRef90_C0BC26|UniRef90_A7AY33
megahit_2819	lgt	5897	0.8085	0.8808	AAB	A?B	s__Lachnospiraceae_bacterium_5_1_57FAA	s__Clostridium_scindens	o__Clostridiales	--	--	r__Root|k__Bacteria|p__Firmicutes|c__Clostridia|o__Clostridiales|f__Lachnospiraceae|g__Lachnospiraceae_noname|s__Lachnospiraceae_bacterium_5_1_57FAA	r__Root|k__Bacteria|p__Firmicutes|c__Clostridia|o__Clostridiales|f__Clostridiaceae|g__Clostridium|s__Clostridium_scindens	3316:3688:+|4072:4661:-|4660:4867:+	UniRef50_F7KS77|UniRef50_F7KS46|UniRef50_B0NEM4	UniRef90_F7KS77|UniRef90_F7KS46|UniRef90_B0NEM4
megahit_28926	lgt	10188	0.9750	0.9944	AABBBBBBBB	A?B	g__Eubacterium	g__Dorea	o__Clostridiales	--	--	r__Root|k__Bacteria|p__Firmicutes|c__Clostridia|o__Clostridiales|f__Eubacteriaceae|g__Eubacterium	r__Root|k__Bacteria|p__Firmicutes|c__Clostridia|o__Clostridiales|f__Lachnospiraceae|g__Dorea	448:804:+|788:1420:+|5591:6745:-|6748:7134:-|7354:7572:+|7637:8611:+|8608:8949:+|8919:9269:+|9428:9705:-|9710:10034:-	UniRef50_R5UAP1|UniRef50_R5XK57|UniRef50_A6BE89|UniRef50_R5DG67|UniRef50_A6BE87|UniRef50_A6BE86|UniRef50_A6BE85|UniRef50_R5SBS0|UniRef50_D4JA89|UniRef50_A6BE82	UniRef90_C0EW15|UniRef90_C0EW16|UniRef90_A6BE89|UniRef90_A6BE88|UniRef90_A6BE87|UniRef90_A6BE86|UniRef90_A6BE85|UniRef90_A6BE84|UniRef90_D4JA89|UniRef90_A6BE82
megahit_28986	lgt	1692	0.8073	0.9341	AAB	A?B	s__Enterococcus_durans	s__Enterococcus_faecium	g__Enterococcus	--	--	r__Root|k__Bacteria|p__Firmicutes|c__Bacilli|o__Lactobacillales|f__Enterococcaceae|g__Enterococcus|s__Enterococcus_durans	r__Root|k__Bacteria|p__Firmicutes|c__Bacilli|o__Lactobacillales|f__Enterococcaceae|g__Enterococcus|s__Enterococcus_faecium	396:800:+|821:1177:+|1357:1561:-	UniRef50_Q5XBX9|UniRef50_H8LCM6|UniRef50_S4EBN7	UniRef90_I6RZ62|UniRef90_S0JEM4|UniRef90_S4EBN7
megahit_3243	lgt	9324	0.9488	0.9733	AB	A?B	s__Clostridium_sp_L2_50	s__Ruminococcus_sp_5_1_39BFAA	o__Clostridiales	--	--	r__Root|k__Bacteria|p__Firmicutes|c__Clostridia|o__Clostridiales|f__Clostridiaceae|g__Clostridium|s__Clostridium_sp_L2_50	r__Root|k__Bacteria|p__Firmicutes|c__Clostridia|o__Clostridiales|f__Ruminococcaceae|g__Ruminococcus|s__Ruminococcus_sp_5_1_39BFAA	1:346:+|5808:6725:-	UniRef50_C4ZET3|UniRef50_D4KPZ9	UniRef90_C4ZET3|UniRef90_C6J832
megahit_3283	lgt	9182	0.9240	0.9679	*ABBBBB	A?B	g__Dorea	g__Roseburia	f__Lachnospiraceae	--	--	r__Root|k__Bacteria|p__Firmicutes|c__Clostridia|o__Clostridiales|f__Lachnospiraceae|g__Dorea	r__Root|k__Bacteria|p__Firmicutes|c__Clostridia|o__Clostridiales|f__Lachnospiraceae|g__Roseburia	1:550:-|604:840:-|2191:3939:-|3993:4208:-|4597:7023:+|7134:8120:+|8184:9046:-	UniRef50_G7SCJ6|UniRef50_G1WSB0|UniRef50_D4KUM7|UniRef50_D4KUM8|UniRef50_D4JJ96|UniRef50_D4KUN0|UniRef50_D4M0C8	UniRef90_G1WSA8|UniRef90_G1WSB0|UniRef90_D4KUM7|UniRef90_D4KUM8|UniRef90_D4JJ96|UniRef90_D4KUN0|UniRef90_D4KUN1
megahit_3343	lgt	9945	0.8561	0.9736	AAAAAAAAB	A?B	s__Dorea_longicatena	s__Eubacterium_ramulus	o__Clostridiales	--	--	r__Root|k__Bacteria|p__Firmicutes|c__Clostridia|o__Clostridiales|f__Lachnospiraceae|g__Dorea|s__Dorea_longicatena	r__Root|k__Bacteria|p__Firmicutes|c__Clostridia|o__Clostridiales|f__Eubacteriaceae|g__Eubacterium|s__Eubacterium_ramulus	360:980:+|1186:1848:+|1899:2768:+|2793:3551:+|3608:4831:+|4854:6020:+|6122:7249:+|7261:9414:+|9633:9945:-	UniRef50_R7FYN3|UniRef50_T3GLN9|UniRef50_R7FZ39|UniRef50_B2JLW6|UniRef50_R7FY15|UniRef50_R6QN08|UniRef50_A6BKT4|UniRef50_R7FQH9|UniRef50_C9XS57	UniRef90_R7FYN3|UniRef90_R7G1B5|UniRef90_R7FZ39|UniRef90_R7FWZ0|UniRef90_R7FY15|UniRef90_A6BKT5|UniRef90_A6BKT4|UniRef90_R7FQH9|UniRef90_U2PLY2
megahit_3772	lgt	1066	0.8713	0.8900	AB	A?B	s__Roseburia_intestinalis	s__Eubacterium_rectale	o__Clostridiales	--	--	r__Root|k__Bacteria|p__Firmicutes|c__Clostridia|o__Clostridiales|f__Lachnospiraceae|g__Roseburia|s__Roseburia_intestinalis	r__Root|k__Bacteria|p__Firmicutes|c__Clostridia|o__Clostridiales|f__Eubacteriaceae|g__Eubacterium|s__Eubacterium_rectale	310:649:-|652:870:-	UniRef50_R5GBV2|UniRef50_G2SYK9	UniRef90_unknown|UniRef90_C4ZHA3
megahit_3781	lgt	94118	0.8221	0.9703	AAAAAAAAAAAAAAAAAAAAAAAAAAAAAAAAABAAAAAAAAAAAAAAAAAAAAAAAAAAAAAAAAAAA	B>A	g__Clostridium	g__Enterococcus	p__Firmicutes	--	--	r__Root|k__Bacteria|p__Firmicutes|c__Clostridia|o__Clostridiales|f__Clostridiaceae|g__Clostridium	r__Root|k__Bacteria|p__Firmicutes|c__Bacilli|o__Lactobacillales|f__Enterococcaceae|g__Enterococcus	387:848:-|1519:2232:+|2450:2679:-|2872:4092:-|4079:4362:-|4354:4916:-|5134:5820:+|7170:8036:-|8356:9117:-|9316:10200:-|10258:11952:-|11962:12744:-|12806:13621:-|13634:14851:-|14868:16679:-|16699:17709:-|17950:19248:-|19552:20541:-|21203:22012:+|22086:22739:+|23257:23998:-|24184:25104:-|25641:26399:-|26451:27334:-|27325:28218:-|28271:29231:-|29234:30643:-|30679:31203:-|31258:32253:-|32574:33905:+|34032:34736:+|34786:35340:-|35630:36502:-|41683:42378:+|43937:47155:-|47517:48863:-|48922:50196:-|50209:51177:-|51419:52804:-|53344:54168:-|54239:55611:-|56746:57256:-|57352:57687:+|58539:59438:-|60781:61539:-|61508:62182:-|62169:63179:-|63270:64085:-|64082:65092:-|65083:66810:-|67349:68245:-|68437:68952:-|69555:70739:-|71732:74572:+|74703:76238:-|76243:77343:-|78392:79554:-|79785:80175:-|80383:82266:-|82263:83999:-|83996:84460:-|84886:87402:+|87497:88534:+|89047:89378:+|89647:90396:-|90609:91571:+|91587:92179:+|92198:92797:+|93004:93978:+	UniRef50_U2B2C6|UniRef50_U2C9I7|UniRef50_U2CF01|UniRef50_E0RY14|UniRef50_U2AJ98|UniRef50_U2B2C2|UniRef50_R5ERW3|UniRef50_R7PJZ5|UniRef50_R5WX11|UniRef50_D4L410|UniRef50_D6DYR2|UniRef50_R6MEB1|UniRef50_U2AJ87|UniRef50_R7GAC4|UniRef50_R7I4T4|UniRef50_R5T5A1|UniRef50_U2B123|UniRef50_U2B2A8|UniRef50_B0NGU4|UniRef50_S0FNY4|UniRef50_U2AJH1|UniRef50_G2T180|UniRef50_R7L6G8|UniRef50_D8GND5|UniRef50_U2CF73|UniRef50_U2AJG1|UniRef50_R5D5T1|UniRef50_B8G2B5|UniRef50_R7A2P2|UniRef50_D4J555|UniRef50_R6EV87|UniRef50_F7K335|UniRef50_U2AJF2|UniRef50_D6DFQ1|UniRef50_R7E7J4|UniRef50_U2AJE4|UniRef50_R5F9B9|UniRef50_S2KWI0|UniRef50_Q9V150|UniRef50_R7A7I1|UniRef50_E3GLX5|UniRef50_R6N0B8|UniRef50_R6YFN5|UniRef50_R6F7Q1|UniRef50_R6WDN8|UniRef50_R6ELV1|UniRef50_R5TEC4|UniRef50_Q3M1P1|UniRef50_R6SDJ1|UniRef50_R5G0Y5|UniRef50_H2JHW7|UniRef50_S5TL21|UniRef50_F7K3A7|UniRef50_R5CPX6|UniRef50_D5HI95|UniRef50_B7GSK0|UniRef50_F7KJ15|UniRef50_U2B2K9|UniRef50_R6TXZ6|UniRef50_R6SU18|UniRef50_U2AJI5|UniRef50_O83972|UniRef50_O83092|UniRef50_F7KJ26|UniRef50_U2B2J6|UniRef50_H7DKJ3|UniRef50_Q24PK8|UniRef50_R5PWW8|UniRef50_R6EXP8	UniRef90_U2B2C6|UniRef90_U2C9I7|UniRef90_U2CF01|UniRef90_U2B134|UniRef90_U2AJ98|UniRef90_U2B2C2|UniRef90_U2C9I4|UniRef90_R7PJZ5|UniRef90_U2B2B7|UniRef90_U2C9I0|UniRef90_U2CEZ1|UniRef90_U2B126|UniRef90_U2AJ87|UniRef90_U2B2B1|UniRef90_U2C9H5|UniRef90_F7K313|UniRef90_U2B123|UniRef90_U2B2A8|UniRef90_U2B2A2|UniRef90_U2C9G7|UniRef90_U2AJH1|UniRef90_U2C9Q1|UniRef90_U2B2I6|UniRef90_U2C9P6|UniRef90_U2CF73|UniRef90_U2AJG1|UniRef90_U2B2I2|UniRef90_U2C9P1|UniRef90_U2CF68|UniRef90_F7K333|UniRef90_U2B2H7|UniRef90_U2C9N5|UniRef90_U2AJF2|UniRef90_U7T4I0|UniRef90_U2B172|UniRef90_U2AJE4|UniRef90_U2B2G5|UniRef90_U2C9M4|UniRef90_U2CF47|UniRef90_U2B169|UniRef90_U2AJE0|UniRef90_U2B166|UniRef90_U2AJD5|UniRef90_U2CF37|UniRef90_F7K3H2|UniRef90_U2B2F4|UniRef90_U2C9L1|UniRef90_U2CF32|UniRef90_U2B158|UniRef90_U2AJC4|UniRef90_U2C9K5|UniRef90_U2B154|UniRef90_U2CF22|UniRef90_U2AJB1|UniRef90_U2B2D5|UniRef90_F7KJ02|UniRef90_U2CF06|UniRef90_U2B2K9|UniRef90_U2CF91|UniRef90_U2B1C0|UniRef90_U2AJI5|UniRef90_unknown|UniRef90_F7KJ20|UniRef90_U2B1A8|UniRef90_U2B2J6|UniRef90_U2CF80|UniRef90_U2B2P2|UniRef90_U2C9W3|UniRef90_U2CFC3
megahit_394	lgt	40858	0.8113	0.9537	AAAAAAAAAA~~BAAAAAAAAAAAAA~	B>A	s__Pseudomonas_sp_PAMC_26793	s__Neisseria_meningitidis	p__Proteobacteria	--	--	r__Root|k__Bacteria|p__Proteobacteria|c__Gammaproteobacteria|o__Pseudomonadales|f__Pseudomonadaceae|g__Pseudomonas|s__Pseudomonas_sp_PAMC_26793	r__Root|k__Bacteria|p__Proteobacteria|c__Betaproteobacteria|o__Neisseriales|f__Neisseriaceae|g__Neisseria|s__Neisseria_meningitidis	70:1428:-|1575:2261:-|2288:2638:-|2722:3114:+|3417:3998:-|4011:4709:-|4758:6209:-|6239:7167:-|7286:8635:+|8672:10168:+|10365:12405:+|12825:13786:-|13839:15721:-|16075:17274:-|17322:19814:-|19920:20903:-|20900:21472:-|21619:23559:+|23673:24122:-|24119:27528:-|27525:28472:-|28469:29233:-|29737:30447:-|30650:31408:+|31423:33369:+|33412:33750:-|33899:40858:-	UniRef50_Q9I6Z0|UniRef50_A4VP16|UniRef50_S5UMB7|UniRef50_U3HN33|UniRef50_F8G3F5|UniRef50_F8G3F6|UniRef50_K0WJ22|UniRef50_Q9I6Z9|UniRef50_Q9I700|UniRef50_Q9I702|UniRef50_R9VEF8|UniRef50_T5ELR3|UniRef50_X3HUV6|UniRef50_A4VS44|UniRef50_unknown|UniRef50_R4RBN7|UniRef50_E3HU56|UniRef50_F8HAI6|UniRef50_L8NAN5|UniRef50_E2XJF6|UniRef50_I4L3C9|UniRef50_C3K7Z9|UniRef50_W0HCK6|UniRef50_I7C2S1|UniRef50_K0WLB9|UniRef50_B1JFF1|UniRef50_UPI000371B7A4	UniRef90_A0A024EBA8|UniRef90_I2C015|UniRef90_J0PMU3|UniRef90_J1IQI2|UniRef90_V7DYT6|UniRef90_E2XKT0|UniRef90_E2XKT1|UniRef90_I2BX81|UniRef90_S6HTU0|UniRef90_J2EUJ5|UniRef90_K0WL65|UniRef90_T5ELR3|UniRef90_X3HUV6|UniRef90_J1ILL2|UniRef90_unknown|UniRef90_J1IKG0|UniRef90_J0YC72|UniRef90_E2XJF4|UniRef90_UPI000312BC6B|UniRef90_unknown|UniRef90_J1IKG5|UniRef90_UPI0002E90A38|UniRef90_J0PP51|UniRef90_UPI00036423CD|UniRef90_unknown|UniRef90_UPI0002D34300|UniRef90_UPI000371B7A4
megahit_403	lgt	1793	0.8590	0.9268	AB	A?B	s__Clostridium_symbiosum	s__Clostridium_hathewayi	g__Clostridium	--	--	r__Root|k__Bacteria|p__Firmicutes|c__Clostridia|o__Clostridiales|f__Clostridiaceae|g__Clostridium|s__Clostridium_symbiosum	r__Root|k__Bacteria|p__Firmicutes|c__Clostridia|o__Clostridiales|f__Clostridiaceae|g__Clostridium|s__Clostridium_hathewayi	1:545:-|725:1276:-	UniRef50_D4J8Z8|UniRef50_D3AEV6	UniRef90_E7GMW9|UniRef90_D3AEV6
megahit_405	lgt	56458	0.8323	0.9780	AAAAA*AAAAAAAAAAAAAAAAAAAA*AAAAAABB	A?B	g__Dorea	g__Ruminococcus	o__Clostridiales	--	--	r__Root|k__Bacteria|p__Firmicutes|c__Clostridia|o__Clostridiales|f__Lachnospiraceae|g__Dorea	r__Root|k__Bacteria|p__Firmicutes|c__Clostridia|o__Clostridiales|f__Ruminococcaceae|g__Ruminococcus	593:1609:-|1956:4055:-|4040:5581:-|5950:7323:-|7408:7962:-|7987:9192:-|10027:10881:+|11024:12454:-|12500:14431:-|14635:15417:-|15862:17535:-|17535:19406:-|20629:22029:-|23021:23969:-|24618:24860:-|24866:25951:-|25941:26318:-|26759:28285:-|28538:28864:+|29024:30028:-|30097:31560:-|31665:32501:-|32654:33292:-|33450:34962:-|34973:35449:-|35449:36828:-|37326:38441:-|38617:40093:-|40319:41221:+|41354:42777:-|42786:43343:-|43340:43906:-|44160:45269:+|45958:46634:-|46638:47948:-	UniRef50_R6FGT5|UniRef50_R7G3F3|UniRef50_R7G049|UniRef50_R7FZ83|UniRef50_R6LS86|UniRef50_R7JQ81|UniRef50_R6EDI0|UniRef50_E1QYU4|UniRef50_R7G036|UniRef50_R6LPX7|UniRef50_E1R074|UniRef50_R7D6B5|UniRef50_R6EKZ1|UniRef50_R7FZG1|UniRef50_R6KXE1|UniRef50_R7FZ62|UniRef50_R7G169|UniRef50_R5HVE4|UniRef50_R7G166|UniRef50_R6R8W7|UniRef50_R5CYA5|UniRef50_C6LJP6|UniRef50_A6BIZ4|UniRef50_A6BIZ5|UniRef50_A6BIZ7|UniRef50_R6PIH2|UniRef50_Q2FG29|UniRef50_R7G0Q1|UniRef50_R7G010|UniRef50_R6SQG8|UniRef50_R7JWM6|UniRef50_R5EX11|UniRef50_R7G0P9|UniRef50_R7JYG6|UniRef50_D4S0N1	UniRef90_R7G192|UniRef90_R7G3F3|UniRef90_R7G049|UniRef90_R7FZ83|UniRef90_R7G3E8|UniRef90_R7G043|UniRef90_S6CP95|UniRef90_R7G0S8|UniRef90_R7G036|UniRef90_R7FZ73|UniRef90_R7G179|UniRef90_R7G3E1|UniRef90_S6CQ30|UniRef90_A6BIY3|UniRef90_R7G026|UniRef90_R7FZ62|UniRef90_unknown|UniRef90_R7G0R2|UniRef90_R7G166|UniRef90_R7G3C8|UniRef90_D4KWV4|UniRef90_A6BIZ2|UniRef90_A6BIZ4|UniRef90_A6BIZ5|UniRef90_A6BIZ7|UniRef90_A6BIZ8|UniRef90_R5DBQ3|UniRef90_R7G0Q1|UniRef90_R7G010|UniRef90_R7FZ47|UniRef90_R7G156|UniRef90_R7G3C1|UniRef90_R7G0P9|UniRef90_UPI0002D368F1|UniRef90_UPI0003695C2F
megahit_4239	lgt	1845	0.9011	0.9472	AB	A?B	s__Roseburia_inulinivorans	s__Coprococcus_comes	f__Lachnospiraceae	--	--	r__Root|k__Bacteria|p__Firmicutes|c__Clostridia|o__Clostridiales|f__Lachnospiraceae|g__Roseburia|s__Roseburia_inulinivorans	r__Root|k__Bacteria|p__Firmicutes|c__Clostridia|o__Clostridiales|f__Lachnospiraceae|g__Coprococcus|s__Coprococcus_comes	194:459:-|1340:1639:+	UniRef50_B0G8I8|UniRef50_C0BCJ6	UniRef90_C0FWF7|UniRef90_C0BCJ6
megahit_4346	lgt	10022	0.8059	0.9621	ABBBBBBBBBBBB	A?B	g__Lachnospiraceae_noname	g__Butyrivibrio	f__Lachnospiraceae	--	--	r__Root|k__Bacteria|p__Firmicutes|c__Clostridia|o__Clostridiales|f__Lachnospiraceae|g__Lachnospiraceae_noname	r__Root|k__Bacteria|p__Firmicutes|c__Clostridia|o__Clostridiales|f__Lachnospiraceae|g__Butyrivibrio	1:1290:-|1455:1973:-|2017:2364:-|2375:2791:-|2808:3665:-|3655:3864:-|3928:5682:-|5960:6415:-|6448:6735:-|6799:7761:-|7825:8736:-|8739:9524:-|9542:10022:-	UniRef50_D4M217|UniRef50_V2XJN5|UniRef50_D4RXZ1|UniRef50_D4RXZ2|UniRef50_U2UDA6|UniRef50_D4RXZ4|UniRef50_V2Z615|UniRef50_D4RXZ6|UniRef50_D4RXZ7|UniRef50_N2B8I6|UniRef50_D4JD37|UniRef50_D4JDM3|UniRef50_D4JA32	UniRef90_B0PDD2|UniRef90_D4RXZ0|UniRef90_D4RXZ1|UniRef90_D4RXZ2|UniRef90_D4RXZ3|UniRef90_D4RXZ4|UniRef90_D4RXZ5|UniRef90_D4RXZ6|UniRef90_D4RXZ7|UniRef90_D4RXZ8|UniRef90_D4RXZ9|UniRef90_D4RY00|UniRef90_D4RY01
megahit_4380	lgt	8186	0.8825	0.9393	ABBBBBBB	A?B	g__Eubacterium	g__Blautia	o__Clostridiales	--	--	r__Root|k__Bacteria|p__Firmicutes|c__Clostridia|o__Clostridiales|f__Eubacteriaceae|g__Eubacterium	r__Root|k__Bacteria|p__Firmicutes|c__Clostridia|o__Clostridiales|f__Lachnospiraceae|g__Blautia	286:510:-|3449:3763:-|3753:4059:-|4359:4717:-|4745:4962:-|5002:5472:-|6425:7576:-|7569:8186:-	UniRef50_U2P9D0|UniRef50_R5TG32|UniRef50_C4Z713|UniRef50_I1W9G7|UniRef50_R6C438|UniRef50_R5LHH6|UniRef50_K6D409|UniRef50_F7V1Z5	UniRef90_U2P9D0|UniRef90_D4M1F9|UniRef90_D4M1G0|UniRef90_R7CK50|UniRef90_U2EXX1|UniRef90_D4JAB0|UniRef90_F7V1Z4|UniRef90_F7V1Z5
megahit_4592	lgt	9285	0.9490	0.9782	AAABBB	A?B	s__Ruminococcus_torques	g__Roseburia	f__Lachnospiraceae	--	s__Roseburia_hominis; s__Roseburia_inulinivorans	r__Root|k__Bacteria|p__Firmicutes|c__Clostridia|o__Clostridiales|f__Lachnospiraceae|g__Blautia|s__Ruminococcus_torques	r__Root|k__Bacteria|p__Firmicutes|c__Clostridia|o__Clostridiales|f__Lachnospiraceae|g__Roseburia	1:237:+|327:602:+|1743:6515:+|7228:8145:+|8142:8828:+|8833:9285:+	UniRef50_D4M400|UniRef50_D4M401|UniRef50_D4M402|UniRef50_G2SZB2|UniRef50_R6ELW1|UniRef50_R6UC76	UniRef90_D4M400|UniRef90_D4M401|UniRef90_D4M402|UniRef90_G2SZB2|UniRef90_R6ELW1|UniRef90_G2SZB4
megahit_5167	lgt	5380	0.9383	0.9651	AAB	A?B	s__Enterococcus_sp_C1	g__Listeria	c__Bacilli	--	s__Listeria_innocua; s__Listeria_monocytogenes	r__Root|k__Bacteria|p__Firmicutes|c__Bacilli|o__Lactobacillales|f__Enterococcaceae|g__Enterococcus|s__Enterococcus_sp_C1	r__Root|k__Bacteria|p__Firmicutes|c__Bacilli|o__Bacillales|f__Listeriaceae|g__Listeria	1291:2208:+|2221:2835:+|3630:4979:-	UniRef50_R2QDA8|UniRef50_R2QM06|UniRef50_S5XP72	UniRef90_A0A022N4V5|UniRef90_J0XJ07|UniRef90_S5XP72
megahit_5231	lgt	2182	0.8220	0.9403	AAB	A?B	s__Ruminococcus_sp_5_1_39BFAA	s__Coprococcus_comes	o__Clostridiales	--	--	r__Root|k__Bacteria|p__Firmicutes|c__Clostridia|o__Clostridiales|f__Ruminococcaceae|g__Ruminococcus|s__Ruminococcus_sp_5_1_39BFAA	r__Root|k__Bacteria|p__Firmicutes|c__Clostridia|o__Clostridiales|f__Lachnospiraceae|g__Coprococcus|s__Coprococcus_comes	1:855:-|946:1593:-|1875:2181:-	UniRef50_R6C7K7|UniRef50_R5UAX7|UniRef50_C0B8Y4	UniRef90_C6JAD3|UniRef90_C6JAD4|UniRef90_C0B8Y4
megahit_5319	lgt	4038	0.9944	0.9982	ABBB	A?B	s__Bacteroides_massiliensis	s__Bacteroides_dorei	g__Bacteroides	--	--	r__Root|k__Bacteria|p__Bacteroidetes|c__Bacteroidia|o__Bacteroidales|f__Bacteroidaceae|g__Bacteroides|s__Bacteroides_massiliensis	r__Root|k__Bacteria|p__Bacteroidetes|c__Bacteroidia|o__Bacteroidales|f__Bacteroidaceae|g__Bacteroides|s__Bacteroides_dorei	154:513:+|717:1880:+|1870:3383:+|3386:4038:+	UniRef50_R6H180|UniRef50_B6VVV7|UniRef50_B6VVV6|UniRef50_B6VVV5	UniRef90_B6VVV9|UniRef90_B6VVV7|UniRef90_B6VVV6|UniRef90_B6VVV5
megahit_5540	lgt	12324	0.8072	0.9366	AAAAABAAA	B>A	g__Bacteroides	g__Odoribacter	o__Bacteroidales	--	--	r__Root|k__Bacteria|p__Bacteroidetes|c__Bacteroidia|o__Bacteroidales|f__Bacteroidaceae|g__Bacteroides	r__Root|k__Bacteria|p__Bacteroidetes|c__Bacteroidia|o__Bacteroidales|f__Porphyromonadaceae|g__Odoribacter	1:267:+|333:4424:-|4594:5861:-|5865:6176:-|6409:6726:+|6982:7802:-|8482:9157:+|9835:11124:+|11138:11770:+	UniRef50_R5K5B2|UniRef50_I8W6G9|UniRef50_Q64X78|UniRef50_U5QAC3|UniRef50_B7BEP1|UniRef50_R5FZQ1|UniRef50_R5DN34|UniRef50_R5U4F7|UniRef50_E3GIR5	UniRef90_R5KZC2|UniRef90_I8W6G9|UniRef90_W0ERD2|UniRef90_S0F4R1|UniRef90_B7BEP1|UniRef90_H1DF00|UniRef90_R7NL41|UniRef90_U6RFL4|UniRef90_R7NMT3
megahit_5677	lgt	105087	0.9483	0.9891	AABBBBBBBBBBBBBBBBBBBBBBBBBBBBBBBBBBBBBBBBBBBBBBBBBBBBBBBBBBB	A?B	s__Parabacteroides_merdae	s__Bacteroides_uniformis	o__Bacteroidales	--	--	r__Root|k__Bacteria|p__Bacteroidetes|c__Bacteroidia|o__Bacteroidales|f__Porphyromonadaceae|g__Parabacteroides|s__Parabacteroides_merdae	r__Root|k__Bacteria|p__Bacteroidetes|c__Bacteroidia|o__Bacteroidales|f__Bacteroidaceae|g__Bacteroides|s__Bacteroides_uniformis	209:2821:-|2840:3388:-|4241:12701:-|12739:14688:-|15020:18649:+|18797:20863:+|21021:22318:+|22338:23801:+|23944:27120:+|27136:28746:+|28780:29928:+|29943:31076:+|31219:33369:+|33385:36012:+|36124:38301:-|38336:40762:-|40774:41679:-|41765:42686:-|42701:43513:-|43591:44694:-|45034:46650:+|46919:47642:-|47679:48071:-|48350:51286:-|51293:52267:+|52353:53255:-|53242:53583:-|53580:54032:-|54113:55933:-|56056:56585:-|56637:58532:-|58716:61968:+|61988:63478:+|63810:65627:+|65733:69686:+|69987:72998:+|73021:74598:+|74683:77325:+|77570:78538:+|78542:79515:+|79538:80545:+|80551:83277:+|83311:85341:+|85372:86508:+|86591:87135:+|87207:87620:-|87681:88913:-|88939:89943:-|90075:90842:+|91021:91455:-|91755:93140:+|93142:93810:+|93850:94899:+|94936:96384:+|96562:97233:+|97250:98620:+|98637:100775:+|100814:102373:-|102587:103279:-|103349:104275:-|104416:104904:+	UniRef50_K5ZAZ2|UniRef50_K5ZNE8|UniRef50_A7UY16|UniRef50_R6KIK1|UniRef50_R5M7M4|UniRef50_R7EG90|UniRef50_A7UY22|UniRef50_R7H225|UniRef50_unknown|UniRef50_R6CAV1|UniRef50_R6C0W8|UniRef50_F3ZND0|UniRef50_X5DYI4|UniRef50_L0G1U9|UniRef50_R7EG80|UniRef50_A7UY33|UniRef50_R5JT15|UniRef50_R7CWQ1|UniRef50_R7DTU4|UniRef50_P44681|UniRef50_D5EUN1|UniRef50_A7V0L9|UniRef50_R6S6Z9|UniRef50_unknown|UniRef50_Q650I3|UniRef50_R7CXK0|UniRef50_Q04NI7|UniRef50_I0AKC4|UniRef50_Q8A2N9|UniRef50_R5S9A6|UniRef50_Q8A2N7|UniRef50_A7V0K9|UniRef50_R7EE89|UniRef50_A6L2H0|UniRef50_unknown|UniRef50_E6SMW0|UniRef50_E6SMV9|UniRef50_A6L2H5|UniRef50_E6SMV8|UniRef50_R6Y6S8|UniRef50_R7J7R2|UniRef50_G8UMZ0|UniRef50_R7KU17|UniRef50_R5UXT8|UniRef50_E5V6B6|UniRef50_Q7MWS9|UniRef50_R5CEI1|UniRef50_R7LHL2|UniRef50_E6SMV1|UniRef50_R5U516|UniRef50_R6DN47|UniRef50_R6DLE2|UniRef50_Q7W4T6|UniRef50_R6MJ95|UniRef50_A7V0H9|UniRef50_R6B7I8|UniRef50_R5RR30|UniRef50_Q8A3Z3|UniRef50_A7V0H4|UniRef50_R5M5T6|UniRef50_B2RMG0	UniRef90_K5ZAZ2|UniRef90_K5ZNE8|UniRef90_A7UY16|UniRef90_R7EEC6|UniRef90_unknown|UniRef90_unknown|UniRef90_A7UY22|UniRef90_R7EF39|UniRef90_unknown|UniRef90_unknown|UniRef90_R7EIH6|UniRef90_R7EFZ8|UniRef90_R7EF34|UniRef90_R7EEB3|UniRef90_unknown|UniRef90_A7UY33|UniRef90_R7EFZ4|UniRef90_R7EF32|UniRef90_R7EEA9|UniRef90_R6AR89|UniRef90_R7EIG9|UniRef90_A7V0L9|UniRef90_R7EFY6|UniRef90_unknown|UniRef90_R7EEA1|UniRef90_R6AR92|UniRef90_R7EIG1|UniRef90_R7EFY3|UniRef90_R5JMT0|UniRef90_R6ADJ2|UniRef90_unknown|UniRef90_A7V0K9|UniRef90_R7EE89|UniRef90_unknown|UniRef90_unknown|UniRef90_R9ICX6|UniRef90_R9I4V5|UniRef90_unknown|UniRef90_R9I4Q0|UniRef90_D2EWT7|UniRef90_D2EWT6|UniRef90_R9I4V1|UniRef90_R7EEW0|UniRef90_R7EG06|UniRef90_R9I4U6|UniRef90_R6FJ82|UniRef90_R6ABJ7|UniRef90_R7EFY5|UniRef90_R7EI87|UniRef90_R7EFQ3|UniRef90_R9I4K7|UniRef90_R9I4N9|UniRef90_Q8A2M0|UniRef90_R7EFP8|UniRef90_A7V0H9|UniRef90_R6B7I8|UniRef90_R7EE18|UniRef90_R7EFX2|UniRef90_A7V0H4|UniRef90_R7EFP4|UniRef90_R7EER7
megahit_5887	lgt	15070	0.9477	0.9573	AB	A?B	s__Ruminococcus_torques	s__Clostridium_nexile	o__Clostridiales	--	--	r__Root|k__Bacteria|p__Firmicutes|c__Clostridia|o__Clostridiales|f__Lachnospiraceae|g__Blautia|s__Ruminococcus_torques	r__Root|k__Bacteria|p__Firmicutes|c__Clostridia|o__Clostridiales|f__Clostridiaceae|g__Clostridium|s__Clostridium_nexile	882:2540:+|2814:4247:+	UniRef50_D4M0N0|UniRef50_R5QVM0	UniRef90_D4M0N0|UniRef90_R5QVM0
megahit_5946	lgt	2153	0.8450	0.8792	ABB	A?B	f__Enterococcaceae	f__Lachnospiraceae	p__Firmicutes	--	--	r__Root|k__Bacteria|p__Firmicutes|c__Bacilli|o__Lactobacillales|f__Enterococcaceae	r__Root|k__Bacteria|p__Firmicutes|c__Clostridia|o__Clostridiales|f__Lachnospiraceae	418:1132:+|1143:1343:+|1659:2042:+	UniRef50_G9SUW9|UniRef50_C0B6Y1|UniRef50_R5MHZ6	UniRef90_G9SUW9|UniRef90_C0B6Y1|UniRef90_unknown
megahit_6011	lgt	10158	0.8096	0.8913	AAB	A?B	s__Coprococcus_comes	s__Clostridium_sp_KLE_1755	o__Clostridiales	--	--	r__Root|k__Bacteria|p__Firmicutes|c__Clostridia|o__Clostridiales|f__Lachnospiraceae|g__Coprococcus|s__Coprococcus_comes	r__Root|k__Bacteria|p__Firmicutes|c__Clostridia|o__Clostridiales|f__Clostridiaceae|g__Clostridium|s__Clostridium_sp_KLE_1755	142:928:-|2819:3480:-|8071:8836:-	UniRef50_R6LQB8|UniRef50_R6LF02|UniRef50_R7JUC0	UniRef90_R6LQB8|UniRef90_R6LF02|UniRef90_U2BAJ0
megahit_6319	lgt	9960	0.9189	0.9911	AAAAAAAAAABB	A?B	s__Lachnospiraceae_bacterium_7_1_58FAA	g__Oscillibacter	o__Clostridiales	--	s__Oscillibacter_sp_KLE_1728; s__Oscillibacter_sp_KLE_1745	r__Root|k__Bacteria|p__Firmicutes|c__Clostridia|o__Clostridiales|f__Lachnospiraceae|g__Lachnospiraceae_noname|s__Lachnospiraceae_bacterium_7_1_58FAA	r__Root|k__Bacteria|p__Firmicutes|c__Clostridia|o__Clostridiales|f__Oscillospiraceae|g__Oscillibacter	83:1024:-|1145:1468:-|1455:1739:-|2000:3931:-|4333:4827:-|5079:5279:-|5334:5933:-|5950:6327:-|6609:6848:+|6869:8506:+|8614:9387:-|9554:9960:-	UniRef50_H1CE05|UniRef50_U2QUT3|UniRef50_K1TAM6|UniRef50_U2AYT0|UniRef50_H1CE01|UniRef50_H1CE00|UniRef50_H1CHI4|UniRef50_R6U831|UniRef50_H1CDZ7|UniRef50_R5D8W0|UniRef50_R6Q4H7|UniRef50_R6YU93	UniRef90_H1CE05|UniRef90_H1CE04|UniRef90_K1TAM6|UniRef90_H1CE02|UniRef90_H1CE01|UniRef90_H1CE00|UniRef90_H1CDZ9|UniRef90_H1CDZ8|UniRef90_H1CDZ7|UniRef90_H1CDZ6|UniRef90_U2SF26|UniRef90_G4KT34
megahit_6578	lgt	2615	0.9073	0.9375	ABA	B>A	f__Lachnospiraceae	f__Erysipelotrichaceae	p__Firmicutes	--	--	r__Root|k__Bacteria|p__Firmicutes|c__Clostridia|o__Clostridiales|f__Lachnospiraceae	r__Root|k__Bacteria|p__Firmicutes|c__Erysipelotrichia|o__Erysipelotrichales|f__Erysipelotrichaceae	203:859:-|1025:1234:-|2096:2362:-	UniRef50_R6WA96|UniRef50_R6W304|UniRef50_G2SYN6	UniRef90_R9MUQ5|UniRef90_H1BBF3|UniRef90_G2SYN6
megahit_6673	lgt	4140	0.8001	0.8806	AAAB	A?B	c__Bacteroidia	c__Actinobacteria	k__Bacteria	--	--	r__Root|k__Bacteria|p__Bacteroidetes|c__Bacteroidia	r__Root|k__Bacteria|p__Actinobacteria|c__Actinobacteria	1:550:+|1146:1364:+|1352:1962:+|2445:4140:+	UniRef50_H6R3P7|UniRef50_A5ZBN1|UniRef50_A7V4G3|UniRef50_C5EDJ4	UniRef90_F1LIK0|UniRef90_A5ZBN1|UniRef90_A7V4G3|UniRef90_C5EDJ4
megahit_6734	lgt	55371	0.8556	0.9840	AAAAAAAAAAAAAAAAAAAAAAAAAAAAAAAAAAAAAAAAAAA~B	A?B	s__Eubacterium_ramulus	s__Ruminococcus_obeum	o__Clostridiales	--	--	r__Root|k__Bacteria|p__Firmicutes|c__Clostridia|o__Clostridiales|f__Eubacteriaceae|g__Eubacterium|s__Eubacterium_ramulus	r__Root|k__Bacteria|p__Firmicutes|c__Clostridia|o__Clostridiales|f__Lachnospiraceae|g__Blautia|s__Ruminococcus_obeum	23:1426:-|1419:1931:-|2136:3146:-|3357:4379:-|4446:5669:-|6070:6651:-|6637:6918:+|7050:13106:-|13800:17852:-|18025:18786:-|19102:19559:-|19528:20181:-|20405:21058:+|21341:23116:-|23277:24503:-|24577:26955:-|27062:27727:-|27748:28557:-|28625:29461:-|29461:30321:-|30470:31405:-|31457:31710:+|31707:34535:-|35253:35777:-|35774:36679:-|36702:37403:-|37472:39424:-|39443:39793:-|40128:40340:+|40543:41688:-|41749:43113:-|43110:43970:-|43985:44851:-|44856:47069:-|47121:47741:-|48035:50239:-|50358:50597:-|50839:51198:+|51195:51599:+|51571:52095:+|52311:52562:+|52724:53050:+|53280:54026:+|54672:55058:+|55124:55371:+	UniRef50_U2Q5Z9|UniRef50_R5TJ33|UniRef50_R5TQX4|UniRef50_R5TJ07|UniRef50_F7V3N6|UniRef50_R6VCA9|UniRef50_R6VCA9|UniRef50_R5TJ28|UniRef50_R5TQX0|UniRef50_R5TJ03|UniRef50_R5U9N9|UniRef50_R5U3G6|UniRef50_R5AFU5|UniRef50_R5GZJ4|UniRef50_R5TJ00|UniRef50_R5U9N4|UniRef50_D4KK85|UniRef50_Q4L691|UniRef50_D5HIW6|UniRef50_Q7MFF0|UniRef50_Q8E310|UniRef50_U2Q6M6|UniRef50_R5U3F3|UniRef50_R5TJ19|UniRef50_W6S1U3|UniRef50_R5HXR5|UniRef50_unknown|UniRef50_R5VPJ1|UniRef50_R5TQU5|UniRef50_R5TIY6|UniRef50_R5U9L8|UniRef50_R5U3E3|UniRef50_R5TJ10|UniRef50_R5TQU0|UniRef50_U2RET7|UniRef50_R5U3D9|UniRef50_R5TJ06|UniRef50_R5TPT9|UniRef50_R5TIX9|UniRef50_R5U2L9|UniRef50_U2Q6X8|UniRef50_U2PNM0|UniRef50_R6JW20|UniRef50_A5Z3R9|UniRef50_A5ZYK6	UniRef90_U2Q5Z9|UniRef90_R5TJ33|UniRef90_R5TQX4|UniRef90_R5TJ07|UniRef90_R5U9P5|UniRef90_R5U3H0|UniRef90_R5U3H0|UniRef90_R5TJ28|UniRef90_unknown|UniRef90_R5TJ03|UniRef90_R5U9N9|UniRef90_R5U3G6|UniRef90_R5TJ25|UniRef90_R5TQW5|UniRef90_R5TJ00|UniRef90_R5U9N4|UniRef90_R5U3F8|UniRef90_R5TJ22|UniRef90_R5TQW1|UniRef90_R5TIZ6|UniRef90_R5U9M9|UniRef90_U2Q6M6|UniRef90_R5U3F3|UniRef90_R5TJ19|UniRef90_R5TQV5|UniRef90_R5TIZ1|UniRef90_unknown|UniRef90_R5TJ15|UniRef90_R5TQU5|UniRef90_R5TIY6|UniRef90_R5U9L8|UniRef90_R5U3E3|UniRef90_R5TJ10|UniRef90_R5TQU0|UniRef90_U2RET7|UniRef90_R5U3D9|UniRef90_R5TJ06|UniRef90_R5TQT6|UniRef90_R5TIX9|UniRef90_U2RN27|UniRef90_U2Q6X8|UniRef90_U2PNM0|UniRef90_U2Q7T4|UniRef90_A5Z3R9|UniRef90_A5ZYK6
megahit_6813	lgt	14063	0.8619	0.9262	AAAAAAAABA	B>A	s__Faecalibacterium_prausnitzii	s__Lachnoanaerobaculum_saburreum	o__Clostridiales	--	--	r__Root|k__Bacteria|p__Firmicutes|c__Clostridia|o__Clostridiales|f__Ruminococcaceae|g__Faecalibacterium|s__Faecalibacterium_prausnitzii	r__Root|k__Bacteria|p__Firmicutes|c__Clostridia|o__Clostridiales|f__Lachnospiraceae|g__Lachnoanaerobaculum|s__Lachnoanaerobaculum_saburreum	1:273:+|270:2003:+|2020:2286:+|2270:3001:+|3102:5144:+|5144:6031:+|6040:6555:+|6539:6748:+|8350:8826:+|9397:14063:+	UniRef50_Q832B8|UniRef50_E2ZN70|UniRef50_C7H3K9|UniRef50_A8SCC0|UniRef50_E2ZN60|UniRef50_A8S6S5|UniRef50_E2ZG20|UniRef50_E2ZMD1|UniRef50_D7GU89|UniRef50_D4K168	UniRef90_unknown|UniRef90_E2ZN70|UniRef90_C7H3K9|UniRef90_E2ZN62|UniRef90_E2ZN60|UniRef90_A8S6S5|UniRef90_E2ZG20|UniRef90_E2ZMD1|UniRef90_I0R9D5|UniRef90_C7H3N0
megahit_6890	lgt	1275	0.8634	0.9145	AB	A?B	s__Coprococcus_comes	s__Coprococcus_catus	g__Coprococcus	--	--	r__Root|k__Bacteria|p__Firmicutes|c__Clostridia|o__Clostridiales|f__Lachnospiraceae|g__Coprococcus|s__Coprococcus_comes	r__Root|k__Bacteria|p__Firmicutes|c__Clostridia|o__Clostridiales|f__Lachnospiraceae|g__Coprococcus|s__Coprococcus_catus	1:541:-|686:1180:+	UniRef50_R5JVN1|UniRef50_I4E2B8	UniRef90_R5IH14|UniRef90_D4JAP0
megahit_7038	lgt	3119	0.8933	0.9267	AABA	B>A	s__Roseburia_intestinalis	s__Roseburia_hominis	g__Roseburia	--	--	r__Root|k__Bacteria|p__Firmicutes|c__Clostridia|o__Clostridiales|f__Lachnospiraceae|g__Roseburia|s__Roseburia_intestinalis	r__Root|k__Bacteria|p__Firmicutes|c__Clostridia|o__Clostridiales|f__Lachnospiraceae|g__Roseburia|s__Roseburia_hominis	1:559:+|744:949:+|1275:1755:-|2671:3119:-	UniRef50_C7G9A3|UniRef50_A6BH13|UniRef50_G2SWH7|UniRef50_C4Z243	UniRef90_C7G9A3|UniRef90_A6BH13|UniRef90_G2SWH7|UniRef90_C7GHF9
megahit_7187	lgt	2788	0.9924	0.9951	AAB	A?B	s__Coprococcus_catus	s__Eubacterium_hallii	o__Clostridiales	--	--	r__Root|k__Bacteria|p__Firmicutes|c__Clostridia|o__Clostridiales|f__Lachnospiraceae|g__Coprococcus|s__Coprococcus_catus	r__Root|k__Bacteria|p__Firmicutes|c__Clostridia|o__Clostridiales|f__Eubacteriaceae|g__Eubacterium|s__Eubacterium_hallii	209:754:+|978:1374:+|2261:2788:+	UniRef50_A4SCS1|UniRef50_Q6MSN9|UniRef50_D5HIY6	UniRef90_D4J761|UniRef90_D4J759|UniRef90_R5G9N2
megahit_7461	lgt	1886	0.9099	0.9660	AAAB	A?B	s__Enterococcus_durans	s__Enterococcus_faecium	g__Enterococcus	--	--	r__Root|k__Bacteria|p__Firmicutes|c__Bacilli|o__Lactobacillales|f__Enterococcaceae|g__Enterococcus|s__Enterococcus_durans	r__Root|k__Bacteria|p__Firmicutes|c__Bacilli|o__Lactobacillales|f__Enterococcaceae|g__Enterococcus|s__Enterococcus_faecium	75:284:-|511:882:-|953:1456:-|1676:1886:+	UniRef50_S0K2Y9|UniRef50_R2XTE8|UniRef50_J8YMA6|UniRef50_Q3XYJ4	UniRef90_S0K2Y9|UniRef90_S0S410|UniRef90_S0K1B2|UniRef90_Q3XYJ4
megahit_7571	lgt	13342	0.8214	0.9156	AAABBA	B>A	s__Coprococcus_comes	s__Dorea_formicigenerans	f__Lachnospiraceae	--	--	r__Root|k__Bacteria|p__Firmicutes|c__Clostridia|o__Clostridiales|f__Lachnospiraceae|g__Coprococcus|s__Coprococcus_comes	r__Root|k__Bacteria|p__Firmicutes|c__Clostridia|o__Clostridiales|f__Lachnospiraceae|g__Dorea|s__Dorea_formicigenerans	1:738:-|765:1406:-|2274:3968:+|8543:8982:+|10228:11736:+|12852:13074:+	UniRef50_Q311P4|UniRef50_R6LAW9|UniRef50_C0B7K9|UniRef50_R6JSG5|UniRef50_R6E9Z4|UniRef50_R6MH40	UniRef90_R5THY8|UniRef90_R6LAW9|UniRef90_C0B7K9|UniRef90_G1WPM7|UniRef90_G1WPM5|UniRef90_unknown
megahit_8030	lgt	35085	0.8467	0.9815	AAAAAAAAAAAAAAAAAAAAAAAAAAAAAAB	A?B	o__Bacteroidales	s__Clostridium_sartagoforme	k__Bacteria	f__Bacteroidaceae|g__Bacteroides|s__Bacteroides_coprophilus; f__Prevotellaceae|g__Prevotella|s__Prevotella_stercorea	--	r__Root|k__Bacteria|p__Bacteroidetes|c__Bacteroidia|o__Bacteroidales	r__Root|k__Bacteria|p__Firmicutes|c__Clostridia|o__Clostridiales|f__Clostridiaceae|g__Clostridium|s__Clostridium_sartagoforme	2875:3918:+|4118:5017:+|5174:6145:+|6133:6912:+|6909:7679:+|7819:8353:+|8350:8682:+|8741:9106:+|9155:9454:+|9575:12282:+|12503:15043:+|15058:15783:+|15811:16575:+|16619:17449:+|17465:17866:+|17866:18996:+|19062:19463:+|19467:20081:+|20094:20513:+|20497:21639:+|21709:22554:+|22554:23099:+|23096:23761:+|23828:24736:+|24816:27006:+|27060:27557:+|27646:28854:+|29224:29958:+|30137:30662:+|30717:32236:+|32853:34166:+	UniRef50_R7EL02|UniRef50_R5JTX4|UniRef50_R6E817|UniRef50_R6E0W1|UniRef50_R6EAG7|UniRef50_B6W2C5|UniRef50_Q64SI6|UniRef50_R5UAQ0|UniRef50_R5U3P3|UniRef50_R5U3T9|UniRef50_F0R6Q1|UniRef50_R5UGI8|UniRef50_R5JCD4|UniRef50_R5JHM3|UniRef50_R5JD19|UniRef50_R5UVD0|UniRef50_R5JTY6|UniRef50_Q64ME6|UniRef50_R5CE95|UniRef50_R5C5D8|UniRef50_R6KIY7|UniRef50_R5JTY9|UniRef50_R6KMD4|UniRef50_R5JHN2|UniRef50_R6KIZ2|UniRef50_B3CAR5|UniRef50_E6SRL7|UniRef50_P0A0H1|UniRef50_H8L7S1|UniRef50_H8L7R8|UniRef50_W1YHC5	UniRef90_R5JT80|UniRef90_R5JTX4|UniRef90_R5JCC7|UniRef90_R5JHL6|UniRef90_R6EAG7|UniRef90_B6W2C5|UniRef90_R5JTX9|UniRef90_R5JCD0|UniRef90_R5JHL9|UniRef90_K1FYL7|UniRef90_unknown|UniRef90_R5JTY2|UniRef90_R5JCD4|UniRef90_R5JHM3|UniRef90_R5JD19|UniRef90_R5UVD0|UniRef90_R5JTY6|UniRef90_R5JCD8|UniRef90_R5JHM8|UniRef90_R5JD25|UniRef90_R5JT97|UniRef90_R5JTY9|UniRef90_R5JCE1|UniRef90_R5JHN2|UniRef90_F7LMR7|UniRef90_B3CAR5|UniRef90_F7LMR9|UniRef90_P06571|UniRef90_H8L7S1|UniRef90_H8L7R8|UniRef90_W1YHC5
megahit_8090	lgt	9026	0.8464	0.9120	AAAB	A?B	s__Coprococcus_comes	s__Dorea_longicatena	f__Lachnospiraceae	--	--	r__Root|k__Bacteria|p__Firmicutes|c__Clostridia|o__Clostridiales|f__Lachnospiraceae|g__Coprococcus|s__Coprococcus_comes	r__Root|k__Bacteria|p__Firmicutes|c__Clostridia|o__Clostridiales|f__Lachnospiraceae|g__Dorea|s__Dorea_longicatena	777:1265:-|2538:2996:+|2987:3295:+|8428:9026:+	UniRef50_R6LW94|UniRef50_R6LQP9|UniRef50_P66929|UniRef50_R7G3D6	UniRef90_R6LW94|UniRef90_R6LQP9|UniRef90_R6LEH1|UniRef90_unknown
megahit_8162	lgt	1185	0.8091	0.8338	AB	A?B	s__Adlercreutzia_equolifaciens	s__Enterorhabdus_caecimuris	f__Coriobacteriaceae	--	--	r__Root|k__Bacteria|p__Actinobacteria|c__Actinobacteria|o__Coriobacteriales|f__Coriobacteriaceae|g__Adlercreutzia|s__Adlercreutzia_equolifaciens	r__Root|k__Bacteria|p__Actinobacteria|c__Actinobacteria|o__Coriobacteriales|f__Coriobacteriaceae|g__Enterorhabdus|s__Enterorhabdus_caecimuris	32:674:+|680:1185:-	UniRef50_S6CLI4|UniRef50_C7N431	UniRef90_S6CLI4|UniRef90_R9KU93
megahit_8229	lgt	1396	0.8236	0.8868	AB	A?B	s__Catonella_morbi	g__Ruminococcus	o__Clostridiales	--	s__Ruminococcus_sp_5_1_39BFAA; s__Ruminococcus_sp_JC304	r__Root|k__Bacteria|p__Firmicutes|c__Clostridia|o__Clostridiales|f__Lachnospiraceae|g__Catonella|s__Catonella_morbi	r__Root|k__Bacteria|p__Firmicutes|c__Clostridia|o__Clostridiales|f__Ruminococcaceae|g__Ruminococcus	2:345:-|595:1396:-	UniRef50_C4ZCX6|UniRef50_C6JGI4	UniRef90_C4ZCX6|UniRef90_T5LYQ5
megahit_8582	lgt	3635	0.9737	0.9902	AAB	A?B	f__Lachnospiraceae	s__Eubacterium_rectale	o__Clostridiales	g__Blautia|s__Ruminococcus_torques; g__Dorea|s__Dorea_formicigenerans	--	r__Root|k__Bacteria|p__Firmicutes|c__Clostridia|o__Clostridiales|f__Lachnospiraceae	r__Root|k__Bacteria|p__Firmicutes|c__Clostridia|o__Clostridiales|f__Eubacteriaceae|g__Eubacterium|s__Eubacterium_rectale	1385:1699:-|1689:1982:-|3332:3559:+	UniRef50_R5TG32|UniRef50_C4Z713|UniRef50_C4ZED7	UniRef90_D4M1F9|UniRef90_D4M1G0|UniRef90_C4ZED7
megahit_8774	lgt	4663	0.8162	0.9306	AAAB	A?B	s__Coriobacteriaceae_bacterium_BV3Ac1	s__Propionimicrobium_lymphophilum	c__Actinobacteria	--	--	r__Root|k__Bacteria|p__Actinobacteria|c__Actinobacteria|o__Coriobacteriales|f__Coriobacteriaceae|g__Coriobacteriaceae_noname|s__Coriobacteriaceae_bacterium_BV3Ac1	r__Root|k__Bacteria|p__Actinobacteria|c__Actinobacteria|o__Actinomycetales|f__Propionibacteriaceae|g__Propionimicrobium|s__Propionimicrobium_lymphophilum	67:1287:-|1473:2021:-|2224:3200:+|3823:4107:-	UniRef50_U1WAA8|UniRef50_R5FLI5|UniRef50_D3R2F8|UniRef50_S2WK52	UniRef90_U2VAH7|UniRef90_U2U185|UniRef90_U2TGR6|UniRef90_S2WK52
megahit_8827	lgt	800	0.8464	0.8916	AB	A?B	s__Ruminococcaceae_bacterium_D16	s__Butyricicoccus_pullicaecorum	o__Clostridiales	--	--	r__Root|k__Bacteria|p__Firmicutes|c__Clostridia|o__Clostridiales|f__Ruminococcaceae|g__Ruminococcaceae_noname|s__Ruminococcaceae_bacterium_D16	r__Root|k__Bacteria|p__Firmicutes|c__Clostridia|o__Clostridiales|f__Clostridiaceae|g__Butyricicoccus|s__Butyricicoccus_pullicaecorum	1:274:+|281:800:+	UniRef50_R6U4F7|UniRef50_R8VWS7	UniRef90_F4XCR3|UniRef90_R8VWS7
megahit_8881	lgt	1232	0.8144	0.9072	AB	A?B	s__Bacteroides_ovatus	s__Bacteroides_uniformis	g__Bacteroides	--	--	r__Root|k__Bacteria|p__Bacteroidetes|c__Bacteroidia|o__Bacteroidales|f__Bacteroidaceae|g__Bacteroides|s__Bacteroides_ovatus	r__Root|k__Bacteria|p__Bacteroidetes|c__Bacteroidia|o__Bacteroidales|f__Bacteroidaceae|g__Bacteroides|s__Bacteroides_uniformis	154:689:+|706:1232:-	UniRef50_I9J793|UniRef50_I9UJ72	UniRef90_I9J793|UniRef90_I9UJ72
megahit_9249	lgt	4364	0.8029	0.9568	AAAAAB	A?B	g__Oscillibacter	s__Oribacterium_sp_oral_taxon_078	o__Clostridiales	s__Oscillibacter_sp_KLE_1728; s__Oscillibacter_sp_KLE_1745	--	r__Root|k__Bacteria|p__Firmicutes|c__Clostridia|o__Clostridiales|f__Oscillospiraceae|g__Oscillibacter	r__Root|k__Bacteria|p__Firmicutes|c__Clostridia|o__Clostridiales|f__Lachnospiraceae|g__Oribacterium|s__Oribacterium_sp_oral_taxon_078	1:1069:+|1062:1958:+|1955:2617:+|3151:3645:+|3655:3945:+|4118:4364:-	UniRef50_G9YNE8|UniRef50_W8T702|UniRef50_C1F2B6|UniRef50_E0RHX7|UniRef50_Q72WF4|UniRef50_U2TCZ1	UniRef90_U2R7M5|UniRef90_U2QNP4|UniRef90_U2R6Q0|UniRef90_U2SPM6|UniRef90_U2SG95|UniRef90_U2TCZ1
megahit_9319	lgt	4569	0.8768	0.9533	ABBB	A?B	s__Neisseria_meningitidis	s__Morganella_morganii	p__Proteobacteria	--	--	r__Root|k__Bacteria|p__Proteobacteria|c__Betaproteobacteria|o__Neisseriales|f__Neisseriaceae|g__Neisseria|s__Neisseria_meningitidis	r__Root|k__Bacteria|p__Proteobacteria|c__Gammaproteobacteria|o__Enterobacteriales|f__Enterobacteriaceae|g__Morganella|s__Morganella_morganii	1:393:-|776:1813:+|1810:2790:+|2819:3763:-	UniRef50_L0CZD0|UniRef50_P37417|UniRef50_J7U235|UniRef50_P63811	UniRef90_UPI000370B336|UniRef90_J7SJD8|UniRef90_J7U235|UniRef90_J7TV76
megahit_9441	lgt	6964	0.9607	0.9845	AAAB	A?B	s__Ruminococcus_obeum	f__Ruminococcaceae	o__Clostridiales	--	g__Faecalibacterium|s__Faecalibacterium_prausnitzii; g__Ruminococcus|s__Ruminococcus_sp_5_1_39BFAA	r__Root|k__Bacteria|p__Firmicutes|c__Clostridia|o__Clostridiales|f__Lachnospiraceae|g__Blautia|s__Ruminococcus_obeum	r__Root|k__Bacteria|p__Firmicutes|c__Clostridia|o__Clostridiales|f__Ruminococcaceae	1399:2799:-|2801:3664:-|4041:4517:-|6541:6964:+	UniRef50_R7ICW5|UniRef50_D4JAA0|UniRef50_A5ZT98|UniRef50_R7CFY1	UniRef90_A5ZT56|UniRef90_A5ZT55|UniRef90_A5ZT98|UniRef90_R7CFY1
megahit_9480	lgt	2094	0.8631	0.8791	AB	A?B	s__Dorea_longicatena	s__Coprococcus_comes	f__Lachnospiraceae	--	--	r__Root|k__Bacteria|p__Firmicutes|c__Clostridia|o__Clostridiales|f__Lachnospiraceae|g__Dorea|s__Dorea_longicatena	r__Root|k__Bacteria|p__Firmicutes|c__Clostridia|o__Clostridiales|f__Lachnospiraceae|g__Coprococcus|s__Coprococcus_comes	1:502:-|1419:2039:+	UniRef50_D4J5G4|UniRef50_C0ZES6	UniRef90_R7FX22|UniRef90_R6LST6
megahit_9521	lgt	17094	0.8721	0.9324	AAB	A?B	s__Roseburia_intestinalis	s__Eubacterium_sp_14_2	o__Clostridiales	--	--	r__Root|k__Bacteria|p__Firmicutes|c__Clostridia|o__Clostridiales|f__Lachnospiraceae|g__Roseburia|s__Roseburia_intestinalis	r__Root|k__Bacteria|p__Firmicutes|c__Clostridia|o__Clostridiales|f__Eubacteriaceae|g__Eubacterium|s__Eubacterium_sp_14_2	1:278:+|425:2071:+|2649:2865:+	UniRef50_D4KLQ8|UniRef50_C7G5N0|UniRef50_S0IPF7	UniRef90_D4KLQ8|UniRef90_C7G5N1|UniRef90_S0IPF7
megahit_9629	lgt	6458	0.8669	0.9564	ABBBB*	A?B	g__Peptoniphilus	g__Streptococcus	p__Firmicutes	--	--	r__Root|k__Bacteria|p__Firmicutes|c__Clostridia|o__Clostridiales|f__Clostridiales_Family_XI_Incertae_Sedis|g__Peptoniphilus	r__Root|k__Bacteria|p__Firmicutes|c__Bacilli|o__Lactobacillales|f__Streptococcaceae|g__Streptococcus	1:336:+|512:1198:+|1198:2232:+|2372:3043:+|3051:5465:+|5909:6166:+	UniRef50_R5QB01|UniRef50_D4LWI4|UniRef50_G2T0I6|UniRef50_R6ZJV3|UniRef50_D4LWI7|UniRef50_S9HET6	UniRef90_D6S6Q2|UniRef90_E4L1C1|UniRef90_G5K771|UniRef90_E4L1B9|UniRef90_unknown|UniRef90_unknown
megahit_963	lgt	5508	0.8299	0.9690	AAAAABAAA	B>A	o__Clostridiales	o__Selenomonadales	p__Firmicutes	--	--	r__Root|k__Bacteria|p__Firmicutes|c__Clostridia|o__Clostridiales	r__Root|k__Bacteria|p__Firmicutes|c__Negativicutes|o__Selenomonadales	1:333:-|326:550:-|812:1141:-|1243:1492:-|1966:2172:-|2390:2776:-|2838:3608:-|3611:4492:-|4522:4887:-	UniRef50_S5VUK9|UniRef50_S5VAX3|UniRef50_R7G220|UniRef50_E5XJ15|UniRef50_D4MJ06|UniRef50_B6FMG9|UniRef50_G1WUW5|UniRef50_G1WUW4|UniRef50_D7GPZ4	UniRef90_G1WUX4|UniRef90_S5VAX3|UniRef90_G1WUX1|UniRef90_G1WUX0|UniRef90_D4JB98|UniRef90_B6FMG9|UniRef90_G1WUW5|UniRef90_G1WUW4|UniRef90_G1WUW3
megahit_9771	lgt	7093	0.9338	0.9636	ABBBAA	B>A	s__Eubacterium_rectale	f__Lachnospiraceae	o__Clostridiales	--	g__Blautia|s__Ruminococcus_torques; g__Coprococcus|s__Coprococcus_comes	r__Root|k__Bacteria|p__Firmicutes|c__Clostridia|o__Clostridiales|f__Eubacteriaceae|g__Eubacterium|s__Eubacterium_rectale	r__Root|k__Bacteria|p__Firmicutes|c__Clostridia|o__Clostridiales|f__Lachnospiraceae	1:327:+|496:1125:-|1129:3372:-|3535:4452:-|4543:5750:-|6130:6882:+	UniRef50_R7L4C0|UniRef50_R6XP58|UniRef50_D5HFR4|UniRef50_D4M1E2|UniRef50_D4LPV8|UniRef50_R5JMS1	UniRef90_C4ZAL9|UniRef90_D4M1E5|UniRef90_unknown|UniRef90_D4M1E2|UniRef90_D4LPV8|UniRef90_C4ZDY4
megahit_9843	lgt	35488	0.9658	0.9934	AAAAAAAAAAAAAAAAAAAAAAAAAAAAAB	A?B	s__Dorea_formicigenerans	s__Ruminococcus_lactaris	o__Clostridiales	--	--	r__Root|k__Bacteria|p__Firmicutes|c__Clostridia|o__Clostridiales|f__Lachnospiraceae|g__Dorea|s__Dorea_formicigenerans	r__Root|k__Bacteria|p__Firmicutes|c__Clostridia|o__Clostridiales|f__Ruminococcaceae|g__Ruminococcus|s__Ruminococcus_lactaris	636:1073:-|1256:3028:+|3032:4741:+|5256:7187:+|7219:7944:+|8228:9520:+|9674:10579:+|10597:11481:+|11603:12532:-|12748:13860:+|14266:14848:+|15255:15524:+|15875:16774:-|16961:18550:+|18921:20111:+|20227:20745:-|21185:21883:+|22404:23609:+|23673:24218:+|24367:25623:+|25628:26524:+|26496:27314:+|27304:28326:+|28326:29222:+|29401:30111:+|30113:30445:+|30480:31346:+|33103:33783:+|33773:34738:+|35050:35488:+	UniRef50_G1WMT8|UniRef50_R7D6B5|UniRef50_R5L9H4|UniRef50_R7CI21|UniRef50_A8MIX7|UniRef50_R5F8S2|UniRef50_R7CE53|UniRef50_R5FM72|UniRef50_R5C0V7|UniRef50_R7EAT9|UniRef50_A6TTD6|UniRef50_C9MZC9|UniRef50_R6EDI0|UniRef50_R6SJS4|UniRef50_R6FYS7|UniRef50_R6SJR8|UniRef50_R5QC40|UniRef50_R7JQ81|UniRef50_R6LS86|UniRef50_R5FD80|UniRef50_R5LU09|UniRef50_D6DK75|UniRef50_D9R838|UniRef50_R6S6P6|UniRef50_D4M8Z1|UniRef50_S6A8Q6|UniRef50_D9R834|UniRef50_R5FJ30|UniRef50_R6KMD3|UniRef50_R7N7D1	UniRef90_G1WMT8|UniRef90_R6SDR8|UniRef90_R6S3H4|UniRef90_R6S6V2|UniRef90_R6SDR4|UniRef90_R6S3G9|UniRef90_R6S6S0|UniRef90_R6SDM5|UniRef90_R6TA75|UniRef90_R6SDM0|UniRef90_R6TA70|UniRef90_G1WMV0|UniRef90_R6SDL6|UniRef90_R6SJS4|UniRef90_R6SDL1|UniRef90_R6SJR8|UniRef90_R6SDK7|UniRef90_R6S3A4|UniRef90_R6TA54|UniRef90_R6SJR5|UniRef90_R6S6P8|UniRef90_R6SDK2|UniRef90_R6TA49|UniRef90_R6S6P6|UniRef90_R6S394|UniRef90_R6TA44|UniRef90_R6SJQ7|UniRef90_R6TA40|UniRef90_R6S6N7|UniRef90_B5CN97
megahit_9857	lgt	3497	0.8182	0.9091	AB	A?B	s__Coprococcus_sp_ART55_1	s__Eubacterium_rectale	o__Clostridiales	--	--	r__Root|k__Bacteria|p__Firmicutes|c__Clostridia|o__Clostridiales|f__Lachnospiraceae|g__Coprococcus|s__Coprococcus_sp_ART55_1	r__Root|k__Bacteria|p__Firmicutes|c__Clostridia|o__Clostridiales|f__Eubacteriaceae|g__Eubacterium|s__Eubacterium_rectale	872:1387:-|2636:3105:-	UniRef50_D5HHH6|UniRef50_C4ZDQ5	UniRef90_D5HHH6|UniRef90_C4ZDQ5
